,data
9798,-0.30272
5668,0.43001
9396,1.19285
5205,-0.24812
5227,0.11896
794,-0.67331
3032,0.09444
1178,0.21052
4162,0.6648
9677,1.56259
1965,0.78504
6377,0.73153
9858,-2.04352
213,0.47524
1160,-0.35157
3912,-1.58655
8071,1.0231
1476,-0.70707
619,-0.33032
3241,-1.23464
2213,-0.24835
2470,-1.73365
8039,-1.15925
3948,-1.84513
5091,1.55127
2692,-2.47912
1205,-1.84609
7991,-0.74048
3523,0.48448
7017,-0.56077
4834,0.24965
7138,0.68159
4595,-0.47858
169,0.17874
4026,1.91163
1139,1.19459
9985,-1.33056
7712,0.1493
3670,-1.27983
293,0.68003
9950,-0.77111
2164,-0.43451
554,-0.46289
623,-0.4937
219,1.51793
6347,-0.5768
4284,0.01119
9040,-0.29357
783,-0.60846
3442,-0.08048
786,0.65794
4690,-0.32901
9714,1.04384
3093,-0.66783
7531,0.65691
5031,1.06942
5277,1.19943
9214,0.11385
8308,0.26879
1716,-1.45264
9998,0.27296
7502,1.79995
8683,0.31264
7545,-2.80911
2833,-0.21918
9881,0.64178
5427,-0.85491
5918,-0.45408
582,-2.47069
8225,-0.47973
4721,0.53942
3390,-1.24081
513,-2.15853
1239,-1.45531
2994,-0.1099
758,0.37062
2429,0.31215
9161,-0.7262
5915,1.21212
9705,-0.0286
5192,-2.90174
8671,-0.95794
6989,1.32833
9549,0.76191
6711,0.00864
7161,-1.7824
5699,2.09943
9522,0.73996
2753,-1.04352
2521,-0.41421
8055,0.67334
6462,1.86908
9595,0.40536
284,1.44784
1627,0.60009
1142,0.3119
7612,1.46796
7971,-0.36983
5873,-1.77987
523,-2.0365
3593,-0.12408
866,-0.65547
237,-1.24635
8153,-1.16056
1510,-1.02968
5724,0.11282
7374,0.14039
5444,0.05174
8312,-1.41204
8514,3.6264
2448,0.25604
268,-0.63117
3410,-0.91689
8825,0.57736
321,-1.55809
3540,1.25869
3757,-0.58139
3689,-0.77109
6666,0.25805
7762,0.21648
8639,0.44383
4906,2.10538
982,-0.46123
8239,1.21011
2641,0.2565
6852,-1.11891
4950,2.92033
1838,-0.63085
5016,-0.91258
4422,1.39445
7643,-1.51994
533,0.30433
974,3.62889
5415,-0.54176
2373,-1.48948
3981,2.91008
5802,-0.26735
7599,-1.30293
4158,0.01084
3163,0.45514
1339,0.63322
8968,-0.86884
3401,-2.32942
8339,0.8566
8017,-1.81473
7223,-0.76102
1502,-0.12316
1061,-1.15066
1428,-0.25014
2216,-0.28179
8525,-2.05771
7477,-0.84485
8496,0.70715
993,0.13998
6292,-0.72234
594,-0.82086
6779,0.40029
492,0.52081
3626,0.57682
2271,-0.43298
1826,-1.63018
2138,0.19805
8243,-0.31968
6634,0.48285
4830,-1.43841
2937,-0.91461
466,0.16722
3858,-0.57741
7063,0.66896
367,-0.20981
7301,-0.87449
280,0.31329
1986,-1.45314
1458,-2.54825
5649,1.98923
551,-0.17304
7340,0.24527
3908,1.58801
2273,1.00594
8610,-0.76452
4321,1.48313
4764,-2.91774
5901,-0.24112
1134,0.10356
6483,-1.15942
573,0.22156
4562,-0.19873
9637,0.9563
6057,0.35071
3166,1.52302
8698,-1.19551
1162,1.76217
5764,-0.20242
7258,-0.5022
9929,2.3795
5659,-1.1329
4496,-0.88561
3539,-0.40835
287,1.27441
2954,-1.13503
6538,2.35296
6114,-2.12666
7521,-1.86026
3368,-1.84196
4131,0.78471
8728,2.18359
532,0.34211
8519,-1.58387
6680,0.38802
9420,1.31342
6182,0.32373
2834,0.92924
8701,-1.1445
3883,0.52241
8731,0.43494
7752,-0.23694
9545,-1.16266
1292,0.22138
2277,2.49537
9965,-2.12596
0,1.76405
5607,0.95848
3662,0.15625
2739,0.55886
9436,0.57334
5276,1.54504
4716,0.86611
1820,-1.99313
3065,-1.57864
4040,1.63536
385,-3.06533
2814,-0.2445
6848,-0.57935
7338,0.78609
2383,2.0434
1852,0.46365
1632,0.63902
3743,-1.51138
8869,0.37933
4540,3.36654
576,-0.69529
2748,-0.54225
9814,-0.17654
9674,-0.66592
9202,2.16327
7117,-1.53189
705,2.10761
7355,0.79148
8368,0.15003
3052,0.06953
7703,0.35236
511,1.5156
1945,1.00398
7267,-0.3916
5780,-0.26552
9042,-1.47818
2571,1.37289
928,1.07098
5562,-1.37827
2188,-1.9785
6514,-1.98424
8665,-1.22415
5827,-0.98969
5200,0.17446
2124,-1.84599
1309,-0.93832
9843,2.36865
7761,0.14538
8668,0.03775
5399,-0.92936
6091,1.01421
1821,-1.66458
3620,0.06393
4371,1.56941
9840,1.88419
1315,-0.33275
7198,0.07061
864,0.34902
9237,-1.29766
4348,0.20147
434,-1.14105
4156,1.6469
2685,-0.56361
2238,-0.38327
6390,1.72543
2720,-0.98243
9096,-2.09305
7115,0.56293
630,-0.3895
8091,-3.00037
2671,1.6865
1350,-0.42809
2523,0.94521
4403,-0.26922
9601,1.23959
9507,-0.47552
1317,-1.2542
8363,0.81245
6193,1.74969
9316,1.01835
5161,1.02572
1803,2.50248
6383,-1.36411
2870,1.19101
2484,-1.32615
9571,-2.37364
4049,2.09487
8764,0.00481
6506,-0.399
5683,1.00736
2323,-0.82319
3467,2.91565
9778,0.19776
9158,-0.32045
4579,1.75324
3533,0.29105
2878,-1.25234
5718,-1.07838
8656,0.41709
2095,-0.73054
6464,1.03707
5870,-0.33646
8948,-0.71021
9578,0.29364
2256,-1.84454
8335,0.14378
6173,0.74461
396,-0.46742
4152,-0.70608
251,-1.01962
7913,-2.76122
7386,0.00171
744,-0.97932
1603,-1.58748
9761,1.52905
1184,-1.64426
7158,-1.56588
724,-2.07777
1463,-0.53894
5318,3.40582
528,-1.51093
852,-2.46966
621,-0.07034
8445,1.19818
618,1.68097
8874,-2.18511
2072,1.64963
9927,1.37998
5978,-0.74267
1091,-1.15528
4189,-0.85569
4932,1.4438
2666,1.07931
6876,-0.3696
3319,-1.73335
5862,-1.31379
4090,-1.36412
3434,0.50447
6171,-0.62325
8555,1.13823
8750,2.81733
7047,0.68321
4312,1.37582
3231,2.38697
1508,1.1048
8729,0.02118
8974,-1.23719
1115,3.52602
7415,0.93509
3146,-1.42079
8744,1.06856
4316,0.0575
2661,0.07433
7583,-2.33978
9706,-0.53888
1328,1.28864
3658,3.16107
2242,1.1848
6011,0.81107
1597,1.90965
9468,1.48994
6334,-1.17157
5425,-0.1162
1837,-0.615
4195,1.20131
7651,0.08291
5795,0.58304
8459,-4.5653
4821,0.39551
3573,-1.42628
5512,0.55932
392,-0.39504
3134,-1.87386
8640,-0.53088
9895,-1.73954
6754,0.5072
7859,-0.52974
6098,-0.41344
6532,-3.55271
3333,0.33372
3374,-1.55151
4426,-0.00238
9750,-2.35012
9642,-0.09535
9406,0.38189
3854,0.11409
9893,-0.74474
5979,-1.04081
4516,-1.04459
7248,0.59052
4625,0.39358
9845,0.45977
4614,1.18398
9091,-0.04519
9343,-1.30411
1300,-2.55489
6224,1.51828
8933,0.05918
1516,-0.04228
1187,0.57935
7241,1.92556
4389,-1.75009
8582,-2.48314
9632,0.75489
8515,1.67325
7107,0.19123
8355,-2.39066
1814,-1.26309
4050,-0.26592
6566,-0.75
9787,-0.17539
8426,-2.31709
9900,0.62653
1973,0.5907
6191,1.52119
984,-0.41868
4730,1.86678
3742,0.58476
6645,0.17262
6168,-0.41907
2046,-0.40944
9434,1.51085
7706,0.56629
2150,-2.32103
8255,0.99852
9447,1.35437
5014,-2.34753
1038,1.77292
5042,0.69771
713,-0.22853
4767,1.00365
3909,1.85315
5822,1.69431
7744,0.91564
2808,-1.48782
1347,-0.75038
7668,0.92537
2227,0.22604
1811,-1.35325
8539,0.62715
6521,0.79559
6494,-1.57856
9748,-1.82599
8546,0.25197
1135,-0.19928
2956,-1.7594
7006,-0.33894
4260,0.03073
5092,1.52589
5829,-1.01515
1279,-1.0869
2782,0.51772
4360,0.38664
1436,0.66365
4675,-1.54281
9078,1.0284
6840,1.98292
2358,0.49867
4197,1.13943
2064,-1.14316
1450,1.24171
3240,0.28858
5172,-1.37033
5745,-1.17277
9537,-2.72038
1829,0.62579
1473,0.18394
652,-0.73326
9003,-0.49122
7254,-1.84456
7832,0.01874
8552,-0.21202
4396,0.47793
3993,-1.11162
3892,-1.4308
702,-2.11455
1959,1.53943
8082,-1.87752
4419,2.47968
5641,-0.71741
8786,0.01687
5010,1.78671
6294,-0.30226
7379,1.58407
1471,0.59993
7109,1.10141
2541,0.36402
6376,0.63844
7736,0.24912
3332,0.09435
4979,-1.11265
5109,-0.19044
3800,-0.22752
2756,0.08785
9103,0.05368
8216,-1.72074
1655,-1.41611
416,1.44645
6120,2.6798
1443,1.09318
9347,-0.74375
3785,-1.26545
8022,-2.20263
7649,-0.46013
9123,0.20022
9178,-2.0943
302,0.65606
5453,-1.03684
1203,0.33799
1672,-1.68076
9742,-0.00407
5742,1.21712
8820,0.47123
1224,0.24069
5684,1.78497
9519,-1.5465
6558,-3.33332
2858,-0.70103
3428,-0.9537
8587,0.21701
8783,-2.40072
2654,-1.4473
6552,0.57873
6358,-0.59968
2693,-1.63814
9246,-2.61703
4951,2.75735
1069,0.69528
2503,0.48072
8912,-1.4458
4928,0.31402
9108,-0.09561
2884,-0.08789
8886,1.88028
3096,0.03983
2584,-0.16404
1087,-2.35954
7862,-0.12284
5294,-2.08583
348,0.06348
3489,-1.46016
66,-2.81547
498,-0.79926
1076,0.49647
34,-1.59572
6482,-1.3358
9381,-1.19817
1633,0.66571
5339,-0.63294
9046,0.27225
3725,-0.25114
1194,1.36019
4642,0.16405
1035,1.02229
8523,-1.44608
4781,3.07325
2249,-0.76784
9368,0.31826
689,1.74283
9600,1.58575
2208,-0.07955
7294,-2.39994
9509,-1.30156
62,-1.66118
8125,2.34651
254,0.18784
9923,2.46415
4281,1.06031
3260,-0.13435
6264,-1.3033
1630,0.70942
426,0.96762
7875,1.78
2344,-0.45351
1281,-1.15646
9023,-2.12314
5845,1.51603
932,1.66959
3406,0.48483
2992,-1.10756
124,0.44708
6365,-0.33449
8196,-1.08594
2018,-2.46596
20,-2.46224
5237,0.57362
6968,-0.40369
4848,-0.02338
5391,-0.64976
7940,-1.87747
5059,0.76035
22,0.11547
5442,0.32266
5132,1.13061
580,-1.77339
4751,0.14154
3415,0.60115
7603,0.18414
6994,-0.30862
7150,-1.20057
1364,-0.70735
422,-0.08277
9947,0.77629
617,0.56427
6378,0.59462
2153,-0.80156
1235,-1.71689
3769,1.71908
4101,-1.41934
3988,0.33495
1758,1.36073
2783,0.67643
5121,1.33382
5213,-1.16593
8028,2.10976
8814,-1.23852
9678,0.22412
1110,1.05125
7193,-0.6186
9125,-0.71117
7371,-0.82156
5412,1.1374
5879,-1.41773
7466,-0.09443
333,-0.71436
7278,1.23452
4989,2.38917
5488,1.49519
2336,-1.36987
2096,-0.05521
635,-0.02959
2933,0.6187
2198,-0.09434
2417,3.46344
2709,0.20427
6095,1.05058
2330,0.29946
8879,-1.059
2988,0.19133
9382,0.51094
3361,-0.83085
8052,1.19351
9516,-1.54146
5506,0.00992
206,-0.15846
5560,-1.15321
6361,1.84839
9856,0.97917
8984,-2.24838
5625,-0.32266
6980,0.22094
8636,-0.18712
9432,1.01459
732,-1.02326
4462,2.10317
2283,-1.90328
7453,0.8903
2282,-1.32844
3475,-0.07764
7767,-0.02631
4797,-0.72269
8127,0.78475
9631,1.09726
6516,-3.05606
9061,0.04195
9779,-0.45989
7963,0.22839
9991,-1.32214
8457,-3.82839
8836,-1.88401
3590,-1.04625
1985,-2.67285
591,-0.89283
3546,-0.59419
5962,0.04567
8172,-1.11666
3021,-2.23896
6862,0.68474
6164,-2.22072
9207,-1.48972
3022,-2.04831
9263,-0.48818
6865,2.13165
1970,1.75696
7411,2.2273
536,-1.19411
5518,-0.05334
1248,0.29522
639,1.73592
7102,-3.10166
6847,0.25021
7001,-0.8106
4333,0.5502
4096,3.7675
3211,-2.05762
5142,-0.36868
9505,0.04737
8588,0.04857
1620,0.46352
4135,1.3611
6079,0.06795
4551,-1.03128
7961,2.44201
7329,1.3904
5735,0.31497
7984,-1.65246
6304,-1.15501
3353,2.33353
7176,0.17382
1558,0.33113
1871,-0.27226
4372,1.8881
433,-0.24278
3653,1.86069
597,-0.64148
6695,-0.81832
3511,-0.74143
2962,0.0777
1624,0.35874
697,-1.12521
4568,1.19592
8661,0.35116
4628,0.21844
142,-0.48597
8194,-1.74715
8087,-0.86297
5482,0.69563
8828,-1.35713
171,1.05091
9844,1.98784
5592,-2.0645
849,-0.14099
7931,-0.22167
8770,1.0965
5613,0.87815
7907,-1.27002
3651,-0.21629
6769,0.63779
7801,-0.26207
679,1.2775
957,0.2768
7041,-2.24569
1904,-0.78002
3381,1.41567
3344,1.50818
1337,-0.06596
8720,0.21475
9796,-0.13125
1924,-0.72057
35,-0.96065
2888,0.71384
8289,-0.43152
1963,3.19764
2610,-1.90239
5162,1.48889
2149,-1.31539
5009,0.90399
6400,-0.73373
2239,0.09731
4505,1.32767
9971,-2.50591
3998,2.16283
8547,0.18252
3536,-0.47467
25,-0.18959
832,1.40097
1876,-1.16092
2286,-1.89451
267,-0.45755
5817,0.69358
6154,1.36722
6791,1.90242
2083,-0.97253
7036,-1.05025
6096,1.41336
4404,-0.97078
6463,1.98432
9130,-0.23992
6430,0.81626
2676,1.58541
479,1.57093
7410,2.32408
2133,0.19284
6194,-1.38709
7428,0.2874
2853,1.00459
6950,2.98525
4896,0.65928
4573,-0.41707
3568,-2.14511
572,-0.78049
9,1.10779
5763,1.08653
272,0.09249
1818,-1.33907
4739,-0.1878
3606,0.25512
1925,0.71218
7324,0.68318
6637,0.94081
4035,-0.39966
3041,2.36674
1304,-1.66566
844,2.39378
8178,-2.02233
9315,1.04093
4105,-1.6172
194,-0.53921
3276,-1.71357
8562,-0.16918
7935,-0.7082
9624,0.32744
452,0.2123
3739,0.52588
5043,-0.80186
7635,-0.74793
7217,-2.55747
5552,3.6443
7452,1.82731
3508,1.24044
7814,-0.39598
2077,1.10372
2755,-0.9474
399,2.27797
1964,3.35563
4466,-0.03701
9525,3.77946
266,-0.77996
5599,-1.64057
2762,0.05933
8986,-0.79606
6859,0.5232
5690,-0.31169
9331,-0.08949
2750,-2.59162
1093,-2.44656
1449,1.49854
7994,1.33404
4102,-2.29293
214,-0.61178
8818,-0.30339
1989,-1.37127
2472,-3.22838
6103,-0.2305
5784,-0.86359
4661,-1.09725
1437,-0.73354
9191,0.34351
4652,0.41283
3178,-1.04463
4280,-0.51417
7331,-0.85196
4024,0.04206
4331,2.13482
8378,-1.07181
241,-0.66483
9791,2.2927
8518,-1.08618
661,-2.76247
6325,-1.83474
571,-1.16785
5481,0.97438
8791,2.83283
564,-1.79485
4827,0.53691
755,1.45053
3966,0.36577
8940,1.04191
6646,-1.02893
4285,-1.58436
2987,1.21932
3194,0.65775
5808,0.56707
4984,0.89665
6685,1.13986
1249,-1.53437
3008,-1.71198
5564,-1.95601
2411,0.26249
5140,-1.60821
5066,-1.73022
6906,-0.77788
6313,0.15389
4756,1.6711
9425,2.92438
3713,-0.40512
4656,0.7472
2940,-0.59428
8081,0.44498
4555,0.16745
7893,-1.78143
5828,1.01467
7569,-1.29949
5522,-1.50803
5756,0.1534
1747,-4.35093
83,-1.38292
5187,-1.90903
6102,-1.09814
6341,-1.43467
4385,-1.1343
8808,1.00629
2656,-0.46329
8381,-1.09659
3679,-4.94604
3282,0.4441
5611,-0.25448
3131,-1.12778
9917,-0.62487
4056,0.04699
1223,0.57559
4392,-0.02057
7412,2.87028
2067,0.0819
9588,-0.83669
146,1.01719
6324,-0.7251
6638,1.10048
9859,-2.2975
7966,-0.64407
5032,1.23101
4871,-0.06495
7969,-0.57541
1656,0.15707
1530,-1.30772
5141,-0.12777
8467,-2.4735
2333,-0.57163
8689,0.91174
3460,1.54108
398,2.03631
9885,0.77835
5696,0.04668
8580,-2.94039
6614,-1.25416
3202,-2.01787
764,0.85454
1079,-0.6172
9150,-0.37279
2244,-0.82017
1280,-0.84595
1678,2.08937
9838,0.25741
8023,-0.51056
3903,-1.77162
3411,-0.45972
7436,-0.3365
1874,-1.32504
3279,2.33999
1781,2.09737
1761,0.30357
1919,0.20269
7788,-0.28223
710,0.63004
6622,0.48233
7883,-0.62194
8423,-1.62037
9874,-2.31149
6773,1.9779
6477,-2.30632
7384,0.83052
7489,1.63314
1834,-1.10598
7782,0.10637
4165,-0.38773
3094,-1.09354
1375,1.64059
2948,-2.89046
1879,0.57294
5170,-2.03008
7245,1.40674
6131,0.25394
4145,-1.26082
6565,-1.59951
3034,0.29341
3578,1.93925
331,-0.14644
9370,1.8444
1503,-0.67584
4762,0.04482
7383,0.43865
9018,-1.90342
5954,-0.39546
5826,-1.34107
860,-0.0728
7114,2.53735
17,1.56038
9039,-1.95308
5291,-0.08256
7987,-1.40725
4326,2.15666
2705,-1.10307
5886,-0.81118
7575,0.7463
8293,0.45088
9478,0.98409
8851,1.97165
5232,-2.54014
7633,1.8344
8990,0.00677
7159,-1.10491
3002,0.77135
693,-1.83237
6889,0.44273
1738,1.60233
9267,0.04569
519,2.30355
3537,-1.7515
19,0.12964
8664,-1.37335
6418,-0.48836
562,0.36999
1346,0.31116
5565,-1.04273
9431,-1.34338
1523,1.92018
880,-0.43311
5124,-0.87722
8983,-2.30846
4761,-0.00694
9274,0.54747
8327,0.04491
1379,-0.36044
316,-0.58769
8118,1.86919
9445,0.59647
9487,2.44102
8483,-0.46007
9542,-1.24376
3026,-0.99245
3051,1.5387
2453,0.88615
2984,-1.44598
9376,-1.49127
6599,-0.20262
8645,-3.44335
2715,-1.16289
9949,-0.21187
3627,1.62536
5000,0.98855
2553,-0.21139
9015,0.48653
7108,0.76201
3015,-1.7727
3371,-3.02522
3144,-1.30469
4231,0.33374
1833,-1.05117
5956,-0.02372
2185,-0.65197
9276,-0.79428
7621,2.65404
7172,0.00577
3637,1.47902
5665,2.68714
9277,-0.61707
6016,-1.60948
7922,-2.33631
5617,1.28564
8102,1.30982
2838,-0.98825
9891,1.66862
5089,0.56455
8751,1.56907
8662,0.00039
8058,0.65842
6954,0.55679
1830,0.33905
8273,1.4863
5250,-1.17725
1930,2.47773
5675,-0.40548
5181,0.8132
2042,-0.28097
6673,0.78093
7250,-0.92007
1092,-2.4475
3551,-0.58423
2236,-0.00088
4811,1.78617
3792,-0.91133
3600,0.99104
7212,-0.38019
9915,2.13517
9704,0.70073
6241,0.20567
8489,1.31728
5299,-2.23011
6709,1.80925
1368,0.12239
371,-1.49175
5523,-1.79733
1531,-0.07095
4958,0.80365
7805,2.37272
6943,-0.93042
510,0.2009
9909,0.6771
5393,-1.23363
5447,-3.12378
3334,2.35713
3099,-0.84984
3583,-1.23512
6839,2.64231
1855,-0.19528
6834,-0.68765
1848,-1.15113
1327,0.20482
570,0.94556
1215,0.56422
865,-0.77242
5928,0.72552
4536,3.1898
9203,1.45053
9830,0.2939
3507,1.4217
1954,-2.66142
2119,-0.08666
3691,3.10752
8703,-0.38902
4734,-1.81506
404,-1.2871
9528,4.20693
9883,-0.64137
8305,2.21711
4011,-1.50931
7779,-0.20992
5722,0.35753
7999,-0.42361
9784,0.7169
1956,-0.83134
4507,-1.18165
1759,0.06654
3545,-1.49333
1645,2.09362
7543,-1.48107
3185,1.46005
3214,-2.0609
5993,0.6876
8559,1.35558
544,0.07008
5663,0.53306
1255,-1.09625
8958,-0.32771
5026,-0.37056
4909,3.11205
8746,0.61696
8379,-0.27556
7025,1.76937
7259,-0.68782
8885,1.56871
9064,-0.38933
8334,-1.30509
4881,-0.81581
222,-0.65355
3076,-1.41697
5941,-0.57631
9584,0.14032
7585,-2.43803
3251,1.37147
2837,-0.14229
5441,-0.16047
3128,-0.77485
2609,-2.24482
8015,1.20283
5864,-0.80412
6522,0.56032
5100,0.29431
8207,-1.28316
4531,1.13286
2711,-0.11804
720,-0.5047
36,0.55783
4737,-3.14198
2073,1.09864
3047,2.55575
6987,0.75444
2966,1.40247
1658,0.84222
2451,3.59488
9645,-0.91563
8887,-0.74554
8607,-1.99298
7358,-0.96917
6066,0.16321
3317,-4.38229
8654,1.62281
5099,0.08117
4524,1.70564
5959,3.48515
5311,-0.31035
8329,1.11039
1403,1.04679
9920,1.42572
3066,-1.3467
4695,-0.13639
420,3.27404
6748,-2.78416
3097,-0.3652
869,-0.16742
9694,-2.33205
5073,-0.49773
5352,0.59855
8930,-1.53093
4393,0.0929
5981,-1.61865
897,-1.58999
9712,2.2914
5052,0.94571
3550,-0.26596
5236,0.04727
6832,-0.0895
1790,-1.88112
2258,-0.91302
9201,0.18913
5531,-1.64064
4106,-2.68472
4523,0.34113
566,-0.38713
7219,-4.5839
85,2.26003
2678,-0.94826
4002,2.10273
7378,1.852
1618,1.66965
7724,0.14035
7141,-1.33438
2765,-1.12925
4014,-2.89202
2309,0.39195
2595,-1.31307
4693,-1.74465
7690,-0.23627
8757,-0.5703
6339,-2.47967
1470,1.2458
70,-0.19638
3077,1.01627
9217,-0.75856
731,-0.73678
8138,-1.07845
557,-1.15741
7561,1.77423
3698,-1.11742
6512,-0.5758
3822,0.68066
7310,0.25563
3877,-2.45338
3360,-1.27265
1209,0.94905
4702,-0.28059
841,0.04991
8096,-0.25449
3201,-0.89949
9054,1.80425
4186,1.85618
1572,-2.09786
6289,0.59032
2501,-0.15399
3299,-0.1707
148,-0.03557
3574,-0.00188
9326,1.04159
669,-0.847
9533,-0.26575
4559,1.91701
8913,-1.23619
802,0.51233
3208,0.1811
8611,-1.68137
3513,-0.52154
8901,2.19034
9439,0.25016
5306,1.11274
6291,0.53459
7373,-1.28559
6129,-1.87277
4153,-1.27738
5324,3.19286
2622,0.42832
80,-1.79023
6092,2.1117
37,1.59286
4085,-2.15346
8488,1.50515
6927,1.42006
5094,0.09694
2744,0.92008
8008,-3.15897
3351,2.16955
1118,2.71589
3827,1.05961
501,-0.07862
8356,-1.36524
107,-0.36644
5144,-0.84454
7395,-0.57801
197,1.09475
9441,0.33375
9317,-1.88535
2369,0.35133
3186,-0.13038
2559,0.71781
5505,-0.35382
2572,1.58018
7518,0.02085
3136,-2.12269
6789,0.58937
2350,1.97016
3775,0.98881
250,-0.63405
7079,-1.09256
6811,0.18571
2187,-1.347
5283,1.57433
4081,-2.24581
1057,1.54076
6821,1.88212
8210,1.71472
601,-1.22855
6487,0.96621
6743,0.9133
9472,1.15015
6351,-0.34402
8713,-0.8091
8272,2.39025
1643,-0.25677
9114,-0.51402
1808,-1.1686
8486,0.2471
2180,-0.75865
553,0.30734
5946,2.3309
2093,0.24644
808,-1.1031
2295,1.97191
8840,0.09044
2914,-0.01999
3289,-1.05395
7485,0.92948
3549,-0.42052
2347,2.18251
5455,0.57333
6032,2.41346
7146,0.85555
296,1.06018
5054,1.65088
9498,0.39327
7279,-1.16309
7705,0.63075
687,-1.25077
6125,2.42234
7414,1.9714
3385,0.28979
7523,-0.52528
9342,-0.5634
2797,-0.48948
1285,-1.42714
432,-0.74236
5007,2.21256
6287,1.08556
2507,-1.9373
4447,-2.01536
9786,0.43404
2990,-1.35113
469,-1.68182
7153,-1.31209
8831,-2.96046
8835,-1.66572
6473,-0.35579
8985,-0.08648
3379,0.79322
5847,1.32822
8571,0.76136
8050,3.28262
5966,-1.83197
5736,0.13625
4382,1.98695
2591,-0.43878
9308,-0.34887
7593,-1.168
8354,-1.90329
7958,1.90772
5990,1.70045
9602,0.9638
9994,2.2653
1915,0.55103
909,1.50879
5411,1.68894
9868,0.74737
2775,-0.56926
7262,-1.45023
5897,0.7762
8595,1.12867
5166,-1.96647
7740,-0.60803
6283,3.66621
944,2.47664
2822,0.1973
6785,-0.93528
1240,1.30208
5018,-0.36604
1475,-0.25457
7142,-0.99585
2137,0.99466
1500,-0.76909
7498,2.21451
2980,-0.27098
9502,-0.76594
7297,-1.32524
581,-1.90126
2843,-1.36174
5274,0.08097
7510,-1.98614
2391,-0.49875
778,-2.65054
7394,-0.89474
1578,0.0515
44,-0.6842
6495,-1.3818
5362,-0.46476
6452,0.32682
2774,0.55098
8815,-0.01484
7397,0.04762
5251,-0.81254
5944,0.40438
3157,0.33851
4255,-0.99167
6793,0.16687
5547,-0.10236
1305,-2.51438
9415,-1.08161
6826,-0.09672
5608,0.02602
2299,-1.15896
8074,-1.44403
6842,0.65499
9785,0.25875
8480,0.91869
2342,-1.91515
3264,-0.50695
5261,3.49481
3639,2.3881
9306,-0.45734
59,-0.77795
2874,-0.10592
8512,1.29997
5831,-0.7591
2603,-2.35697
737,-1.55795
370,-0.71232
3650,0.53659
5171,-0.47766
4902,3.58468
2963,0.41809
4945,1.87335
4212,-0.83678
5568,-0.79802
3393,0.59761
3292,0.59708
911,-1.23429
1730,-1.08288
4992,0.5647
9087,-3.04563
1817,-0.05531
3059,-0.54704
4822,0.3573
8888,0.34091
5486,-1.02703
5068,-2.56367
1408,3.32887
9615,0.69273
847,0.7163
6576,0.71462
8266,1.51413
3336,1.69996
1971,0.52002
4947,1.5983
9248,-0.17929
8630,0.70667
8982,-2.02109
5685,-0.93339
7828,1.48551
4929,1.88697
2115,-3.23551
1804,1.32303
2363,-2.98797
787,0.88319
9587,-0.42683
2562,1.6321
5706,-0.80737
7478,-1.85802
4092,-0.29666
4641,0.62059
4213,-0.41515
5128,1.63953
7565,-0.76642
2746,1.33624
8752,0.55687
2293,0.10827
6499,-1.5762
5943,-0.09813
226,-0.54597
3156,-0.31785
5040,-0.84754
6702,-0.82431
9842,1.09468
7903,-1.22009
7501,1.87524
2802,-1.94948
9681,0.28085
6892,-0.48639
4170,1.03699
2537,0.85805
5715,-1.44646
295,1.37494
814,0.44835
3451,0.76431
282,0.17558
6991,0.22219
7844,-0.13977
5871,1.0867
8268,1.71094
6620,-1.0763
3218,-2.50604
286,0.09038
4099,-0.3465
2872,-0.18355
8220,0.364
4202,-0.01791
7486,2.23471
455,2.46785
4277,-0.76372
9289,-0.38511
707,1.65315
3073,-2.24088
7785,-0.41808
7889,-0.71407
5767,1.06983
5521,-1.26151
1125,1.05394
6564,-2.15212
2688,-0.71744
488,0.39366
4520,0.32573
691,2.03464
7065,-1.99048
4506,0.32463
6921,0.72279
9084,0.61168
5746,-0.56421
116,2.41601
7013,1.76622
3919,-1.89173
4955,2.08516
3970,1.17582
5045,2.12061
81,-0.35234
1662,-0.94956
916,-0.64146
4518,0.01511
4680,1.25305
2905,-2.94199
1591,0.20841
418,2.3282
3833,-0.93655
3700,-0.7952
2039,2.79917
4413,-1.20304
8721,0.1931
7491,1.2239
7641,-0.83256
3314,-0.73833
3482,0.37922
4872,-1.6965
9402,1.67701
8089,-1.59348
7009,-1.44464
7894,-1.0671
7914,-2.83705
8464,-1.89495
375,0.33676
121,0.19545
5413,1.90148
2686,-0.73777
4039,1.20132
5337,-0.75618
4208,-0.24857
6606,-3.44653
1638,-0.5557
1103,0.19841
8421,-1.87429
1740,-0.26405
2109,-0.00695
8168,1.36161
2777,-0.29779
6416,1.2096
7298,-0.50033
1685,2.10235
6528,1.91528
7598,-0.88319
4209,-2.55575
9580,0.09372
1376,-0.65973
9275,-0.10642
5072,-0.26394
8567,-0.23685
7421,-2.54278
9181,-1.2311
4309,0.44626
49,-1.61138
3356,1.89939
2319,0.01671
7044,0.79464
2210,-0.59107
830,1.37222
3924,0.02087
6728,-4.19849
7864,-0.61136
8173,-2.02768
8073,1.43311
4269,-0.13746
9037,-3.77939
1631,0.28025
6937,-0.38155
4233,-0.53322
7774,0.61802
1585,-0.98412
8605,1.85559
5136,1.20746
8998,-1.2706
1756,0.13044
2623,1.63606
2265,-0.90325
2316,0.98898
2243,1.71339
4888,-1.03252
2860,-1.02713
9728,0.72945
9558,2.54822
462,-1.56938
3756,-0.34753
2924,0.34272
5563,-1.91915
5750,2.58326
89,1.16372
3000,0.99536
1288,-0.51021
170,1.04598
4589,-2.7762
2034,2.79302
1753,-0.24089
2681,-0.49355
1156,1.16182
6872,0.33329
3453,-0.7504
6157,-0.77831
2354,-2.01133
8900,-0.1911
5905,-0.26767
5924,0.47014
231,-1.84764
9393,-0.51342
7487,1.24064
2314,0.00178
3857,0.4873
535,-1.33209
8391,0.79055
7319,0.47949
1642,0.50191
4758,0.96559
1256,-3.54474
5354,0.39705
9483,1.9652
8693,0.43432
839,0.51428
4519,0.1408
5758,0.11956
8219,-0.80676
937,0.40778
1969,0.696
631,-0.39013
6643,-1.38354
1193,-0.04618
8248,-0.7135
8401,0.23326
4132,0.38588
5271,-0.99186
4587,-2.11732
8643,-4.61127
9888,1.57011
6854,-0.20267
8377,-0.29061
785,0.18414
4646,-0.84668
8402,0.06925
6799,0.43034
636,-0.93872
1794,-2.07781
4373,1.47784
1176,1.354
1034,-0.06147
3394,-1.05683
8277,1.71682
3777,1.96343
5876,-0.42747
9861,0.35817
5740,0.4935
2191,0.72707
989,0.91591
8606,-0.42541
5895,0.6167
4557,0.87511
5280,1.74994
3419,1.67148
7328,-0.31995
8104,-0.63445
877,-1.54106
1888,-0.0265
4778,1.29059
172,1.59247
1053,0.16314
5550,1.66914
8955,-1.04529
4580,-0.18571
2514,-0.73256
537,-1.01812
9231,-1.91309
3118,3.07317
393,-1.893
7699,-0.30137
4981,-2.11864
1767,1.54116
9488,0.77635
4424,1.41893
3749,1.05105
673,-3.58877
6699,0.07397
4978,-0.72471
7885,-1.53286
7320,1.59021
5999,0.11211
898,1.48143
54,-1.45804
8741,-0.18405
8824,0.18763
2298,-0.52458
9767,-0.61774
6417,1.12166
1892,0.31909
6948,0.73745
1847,-1.91547
1980,-1.61772
1202,-0.44282
3585,0.38218
2499,0.83095
1466,-0.52107
2527,0.70305
7777,0.94765
5914,1.02943
2040,0.74334
7587,-0.8477
6410,0.84989
8412,0.29078
7077,-1.5087
4783,1.41493
8131,-1.37606
2929,0.18273
3761,0.57485
1394,0.89194
5424,0.85387
8357,-0.82936
8000,0.70132
2436,-2.34581
9926,2.51933
9497,1.41151
5435,1.16905
7171,-0.01898
1943,0.77909
1496,-0.37004
4288,-0.95663
8451,-0.90726
5538,-0.12596
9593,-1.22136
9060,-0.20931
1406,0.77868
7505,-1.47215
309,-0.81609
1905,-0.0333
291,0.25981
3668,-2.50331
5264,1.4436
7799,-1.93616
9959,0.86752
8374,-1.75005
7562,0.77954
6956,0.52375
3412,0.62373
8448,0.27261
4128,-0.16919
3987,0.32604
6554,-1.02844
2508,-3.61977
3801,-0.34158
678,1.25916
1241,1.02855
5432,2.89671
6663,0.48593
8432,-2.27045
5855,0.85842
8461,-3.21743
1192,0.66265
3907,1.45452
1796,-1.38058
7149,-1.36751
1711,-0.04359
5103,-0.83001
1124,0.84732
9122,0.72924
3553,-0.34074
8154,-0.45479
3504,0.86935
7685,0.93192
1190,0.10077
2919,1.18136
9684,2.73298
4513,0.08721
2432,-1.68168
8362,-0.37198
7529,-0.14249
8090,-1.30203
8845,-0.0734
428,-2.01295
8637,-0.69235
4473,0.19081
9562,1.30502
5400,-0.07488
6261,0.54021
2778,0.28773
8026,2.0089
740,-2.45474
4117,-3.66856
9327,-1.19127
1574,-0.1224
8186,3.1637
3641,0.75233
3343,-0.25027
7057,-1.04239
579,0.25488
5466,-3.09499
5190,-1.15285
9284,-0.24009
6359,0.42333
7260,-0.6472
7669,0.74852
8347,2.45048
7353,2.10723
5001,-0.04547
3992,-0.48301
1611,2.02311
3307,-0.65089
5096,-1.9869
4903,2.21908
6184,-0.27571
7122,0.82367
4454,1.28457
2648,-2.43901
2321,0.05904
5833,0.66113
4492,-0.42388
1161,1.18006
7622,1.77065
6434,0.53109
9437,0.41238
3703,0.65951
6913,0.67346
7647,0.18392
5439,-0.35226
8916,-1.25781
7671,-0.02657
6218,0.69056
3807,-1.3935
5112,-0.54272
8340,0.74231
9717,-0.30048
5398,-1.21674
761,-0.69093
9102,-0.35234
9038,-3.27043
5909,-1.01907
8937,0.06149
2479,-1.52164
1462,-0.21221
1686,1.72397
1169,1.51501
8736,2.05429
5037,-0.88105
6437,-0.72934
1960,0.86931
8907,-1.5682
299,0.73973
7124,0.20144
8042,-2.63803
6231,0.20894
8694,-0.16049
2250,0.05781
3126,-1.76346
6126,2.19365
4699,2.52045
3851,2.71332
4907,0.23082
9734,1.56939
8763,-0.86548
590,-1.90268
7435,0.54519
1623,0.60069
5968,-1.0268
2949,-1.61824
2530,0.33153
256,-0.14723
4256,-0.74005
7235,1.32597
334,-3.15922
301,1.10603
8302,-1.5921
2055,0.21714
6888,-1.2185
9552,1.1239
8263,1.82897
3529,3.56548
2946,-1.96244
1324,-1.684
2230,-0.01407
1068,0.39983
6475,-1.56316
6059,-0.35551
6747,-1.4084
8743,0.96148
7865,0.48738
3438,-0.79108
2437,-2.73428
1435,-0.2079
5776,-2.24565
4549,1.07265
1984,-1.64688
2732,0.05239
8132,-1.16011
4052,-0.5342
4414,-1.73936
7964,0.0394
2598,-1.24103
3932,-0.99168
9623,0.00552
227,-0.15
4664,-0.55654
5341,-1.04739
4744,-0.59888
7033,-1.04493
3044,1.69795
3121,4.02527
1332,0.37037
3373,-2.12625
5449,-2.68334
2206,1.5587
7989,-0.46191
6500,-1.11483
9680,-0.52126
6370,1.42011
4954,2.10927
6406,1.64008
9758,-0.29831
4921,-0.32426
6739,-2.91129
2659,0.7996
1674,-0.02713
87,1.75264
4335,1.78424
5647,0.84808
1265,1.09125
4038,1.34316
5695,0.96557
8204,0.68881
5556,1.97963
1779,0.42125
9616,0.2572
9834,0.44725
1225,0.93792
3183,-0.35504
5330,-0.45996
2675,0.48987
4283,0.76159
4802,-0.66004
5899,0.61794
4868,-1.25594
5487,0.99987
9249,-0.27243
995,0.68385
8767,-0.94383
159,-1.63591
6647,-1.27801
6642,-0.35223
5671,-1.20396
5546,-1.46388
3409,-0.55806
3950,-1.11944
3990,-1.94256
3167,0.14557
7795,1.13852
5360,0.19924
4935,0.1376
5765,-1.74265
4043,0.78162
1729,-0.15959
7680,-1.0013
6394,-0.75656
4698,2.26684
5537,-1.44678
4060,-0.07222
2549,0.69675
883,-0.79181
3116,-1.3055
3378,-0.16349
9219,-1.65716
429,-1.13916
1518,-0.05361
7646,-0.41048
2847,1.54064
1731,0.6683
8353,-0.79567
1948,0.89749
798,-1.61209
8620,-0.08904
2998,-1.10509
8949,0.0949
258,-2.62344
804,0.91811
8012,0.15179
1448,1.51701
1748,-1.07889
2084,-0.35742
2407,0.92288
5002,-1.56875
9941,2.57221
5548,-0.87714
8655,1.16199
6496,-1.70555
625,-1.73071
5880,-2.74843
7517,1.88724
435,-0.48392
5485,-1.22446
1689,-0.15938
7461,0.38473
9056,-1.3541
4089,-1.32252
2758,0.25121
6557,-1.73132
4670,-0.88673
9564,3.64348
8046,0.92507
3105,1.18334
6196,1.68459
5645,-0.01209
3114,0.03132
5832,-1.03719
3690,2.0601
6230,1.74465
6428,1.03316
5515,0.51603
9215,-1.27406
7280,-0.58394
9269,1.95562
5762,0.77594
5849,1.27418
4222,-0.31692
1025,-0.00678
8287,1.52177
7233,2.21982
5616,0.99523
5536,-2.55181
8462,-2.08594
4136,-0.3602
3397,-0.78273
1369,1.04802
2222,0.45653
9098,1.50123
2339,-1.87441
2653,0.07575
7120,-1.32789
4104,-1.47751
4611,3.06214
604,-2.12343
335,-1.60514
5450,-2.71999
5517,0.34929
7492,1.74785
8635,0.48787
1968,1.04697
6278,-1.35323
2026,-0.64638
139,-0.66909
465,1.61104
6036,-0.02251
6835,0.47811
3666,-1.46726
2787,0.26228
1371,1.29628
1616,-0.95698
1533,-0.6
10,0.9195
4204,-0.7511
3591,-1.49441
6963,-0.65496
6222,-0.33044
4363,2.00466
1163,1.9119
3365,-0.86724
6263,1.27353
3557,0.63583
141,-0.93234
4262,-0.23755
1762,-1.58467
6735,0.08465
8181,0.45764
249,-1.65017
4613,1.37555
2955,-0.52079
313,-1.23316
9707,0.9406
6797,0.28056
3206,-1.81559
986,-0.30792
8341,-0.47356
3447,3.08023
1147,-0.35102
186,-3.18104
7441,-0.52854
9518,-1.53892
1041,1.20839
9250,-1.7254
4916,-1.83872
5975,-0.14405
7658,-0.53957
8756,-0.84626
224,-1.524
3016,-1.90861
8338,0.45108
3268,-2.8078
1886,-1.23996
415,1.53661
108,1.66644
3936,0.47743
424,-0.08406
1438,-0.10682
9974,-2.10463
2563,-0.14953
2308,1.657
8829,-0.53547
5414,1.72951
7053,0.75953
8909,0.48073
3902,-0.35318
2588,-0.15586
3571,-1.486
2997,0.15347
3367,-0.09324
1485,0.27484
2068,-0.35289
5731,0.2859
2041,0.66101
8428,-0.55824
6093,2.70984
476,2.09124
8591,2.05589
9464,0.6302
5036,-0.85409
6740,-1.73119
5053,1.93755
2551,-2.23061
2752,-1.00581
6806,0.96255
8473,-3.23987
5751,1.61866
3413,0.23523
899,0.63297
729,0.88319
1749,-0.95146
5401,0.49862
480,1.87105
1884,0.58902
4603,0.47585
9635,2.17099
9770,-2.53198
9045,1.68718
3621,1.57652
3039,0.11034
9931,0.30163
9815,0.53228
6147,1.24802
2604,-1.82702
8101,-0.10516
2434,-1.11366
319,-0.4926
2667,-1.40184
2381,1.90164
2278,2.31787
2902,-1.66417
1032,-0.69549
5134,1.38842
8367,-0.07356
4129,-0.02065
3247,0.98126
3547,0.18423
5093,1.54359
2691,0.16323
4899,2.35335
3287,-0.02723
2829,1.78067
8010,-1.18803
7952,1.41124
2426,-1.19615
797,-1.69632
366,0.26434
225,-1.00354
7448,0.53549
8349,0.36677
8060,-0.12525
2123,-0.91931
1058,0.77775
3387,0.41474
1725,-0.67118
7460,0.62554
2078,2.4963
831,1.95767
595,-0.19537
8481,-0.72577
5394,-1.20084
8254,1.08332
1733,3.76534
8678,1.04089
3057,0.07488
3229,1.96696
9099,1.81803
485,-2.00979
8867,-1.02465
3112,0.76559
4406,-0.85996
7892,-0.2259
8918,-1.14609
2076,0.85536
1264,1.04572
8373,-2.5377
8711,2.3027
7895,-0.06111
2179,1.32297
2,2.12323
2038,2.97181
5609,0.03136
3443,-0.37963
5263,0.40477
9573,-1.94894
5877,-0.89363
7494,1.20287
2197,1.43421
2882,-1.80524
1547,-0.11225
500,-0.0634
7826,0.96351
2019,-1.08172
3300,-1.97183
6413,-0.2572
1498,-1.43342
2294,2.54011
3150,-1.70222
2977,2.23011
325,-1.83893
5579,-0.74586
2467,-0.28508
9494,0.5282
4508,-1.80826
1329,1.24854
3377,0.24368
9496,1.6612
3160,1.6493
3535,-0.03484
3074,-2.49351
4236,-1.48572
7995,0.29056
920,-1.47729
1644,0.22416
5113,-0.24268
122,0.43505
8326,-1.05212
7536,1.42489
8251,-1.24269
3678,-2.21962
4515,-1.71421
4963,1.07918
2587,-0.15974
4745,-0.88844
4390,-2.43273
1736,3.00011
6254,0.75952
3191,1.51709
2538,0.41394
7954,-0.16559
4301,-0.0435
9474,1.31318
9465,-0.3232
1168,1.93722
3795,0.09007
8213,1.17645
4592,-0.02098
4120,-2.43724
6372,0.33912
878,-1.02779
9065,-3.11408
8398,1.48062
6087,1.65049
4610,2.02761
9567,-1.51525
5614,0.11045
5669,0.84001
3555,-0.43854
4154,0.07946
1148,0.97567
9001,1.33508
4668,-0.90083
5006,1.71529
9005,1.12709
6392,-0.53466
9477,-0.019
7610,3.19634
6628,1.38122
7551,-0.51804
1660,0.9669
1953,-2.86877
386,-3.13124
8371,-1.00579
9361,-2.13474
5629,-0.92252
8380,-0.69059
6005,0.80194
8491,2.71715
3432,-2.11126
9022,-0.64374
2100,1.02188
4941,0.0526
2231,-0.5851
5468,-1.66584
1619,1.69635
6925,1.50823
6080,2.77114
4858,-0.31459
3500,0.68972
980,0.00319
5539,0.30883
2113,-0.34628
8733,0.86251
6548,0.30917
9362,-1.64119
5257,1.26298
5375,0.38102
8080,-0.65614
6668,1.77526
978,-0.18142
6034,0.45424
6541,0.95049
327,1.24528
67,-1.50805
1520,1.26469
3296,-0.17446
9812,0.29928
820,0.34824
7783,1.57487
8868,0.76979
3399,-0.87197
4738,-2.09948
6750,-1.24605
30,1.84948
6385,-0.66298
6679,2.4474
2371,1.78582
1294,1.05015
4423,1.72541
6958,1.42644
6526,-0.85456
4818,0.21245
5289,-1.09121
2714,-0.63331
9504,0.51841
8714,-1.67777
2144,-2.93213
7069,-0.06475
7626,-1.03632
4939,-0.48724
8064,-0.00666
4482,0.70071
4735,-1.42114
5804,-2.43507
8659,-0.21409
5051,-0.27448
2793,-0.16063
2583,-0.58523
2999,-0.85416
3732,0.95847
8405,-1.34754
2217,-0.40159
8476,-0.32756
5772,2.02925
1446,-1.85261
6044,1.14291
32,0.28317
7745,0.46356
8151,-0.25273
3259,2.11296
5333,-0.39511
8837,-1.39824
5041,0.13117
2620,-0.16853
1306,-2.16163
2450,2.75857
9961,0.2845
9703,2.38876
6488,1.1837
8395,-1.62643
9832,-0.07453
130,0.402
3520,-0.1501
2105,2.77487
5158,-0.85956
7390,0.48807
6223,-0.08445
3358,-1.04511
8206,-0.33789
2548,1.24176
88,0.15609
6276,-0.09701
4489,-2.19516
9048,-1.12452
8730,0.0814
3271,-0.30717
3417,0.76409
2863,0.18178
5456,0.1253
9020,-0.00821
3891,-0.7269
8063,-0.3352
8424,-2.98279
8292,1.19012
3159,0.72522
8024,1.09649
4708,0.51611
3421,0.59324
2306,-0.17072
7316,1.35119
7026,-0.19536
4924,-1.12657
4377,-0.48626
8932,-0.62078
8915,-0.47324
8183,-0.14864
6741,-0.97334
257,-1.48643
8861,0.87373
6855,0.94052
4471,-3.42092
1699,0.93978
5240,1.05058
5904,-0.33579
4268,0.99261
4181,-0.26452
8406,0.96966
3544,1.74707
7511,-1.55055
990,1.08217
3244,-0.92289
1096,0.88261
6307,-3.47757
8318,-2.50373
4782,2.61039
5554,1.27254
8891,-0.1746
6706,0.00571
955,0.97366
7341,1.01619
187,-2.17456
2270,-0.49822
796,-0.8846
7199,-1.26176
517,0.73854
3496,-0.56971
6871,0.51982
2928,-0.73058
8575,0.22699
5922,-1.69705
2580,-1.97539
6975,-1.44152
2489,1.35071
1276,0.0133
3609,-0.32754
8890,-0.26973
7196,0.41307
9011,-0.30954
182,-2.07811
6883,0.67713
6605,-3.24269
859,-1.75283
6178,0.50249
2649,-3.24787
7681,-0.52863
369,-1.41823
7096,1.08495
1562,-0.67488
5589,-1.04511
6562,-1.13787
4639,1.46668
4449,-0.96346
3996,1.23907
7813,-1.2245
3284,0.86337
8446,2.17465
7426,-1.70998
6697,-2.26346
8780,-2.90331
8881,-2.30785
3768,0.87901
8456,-1.21235
6238,-0.59015
4527,1.23036
5224,0.20121
1413,-1.21129
1671,0.07074
5323,2.40385
3804,-2.06416
882,-0.82756
762,0.23945
6461,0.05867
6553,1.15359
4009,-1.07912
6262,1.61433
379,0.26725
3098,0.03814
5067,-1.21655
509,-0.99194
5719,-0.77045
1269,1.74495
9224,-0.85587
6038,-0.05099
2035,2.56844
431,-2.30189
2251,1.20462
3408,0.41054
900,-1.01865
6551,0.19463
6824,-0.28485
23,-0.66134
508,-3.27624
9469,1.82154
3017,-1.34758
756,1.68594
7946,-0.54832
5493,3.52922
3964,-1.8993
3636,0.03734
8123,3.38814
4252,-1.21715
112,1.59604
4308,1.05531
3837,0.47282
9641,-1.82251
3474,0.11238
9209,-0.37153
530,-2.37512
410,-1.97847
1002,0.12527
9880,0.10191
791,-0.85523
7229,-0.19214
1754,0.70038
7608,0.7629
936,-1.81972
5933,-0.88718
6940,-0.4613
9490,-0.58973
3730,-0.30054
6492,-2.47936
973,2.3069
2910,-2.44606
6490,-0.55451
9726,1.86517
193,-1.51784
1356,1.54882
4459,0.80507
7273,0.0857
2683,-1.52235
6183,-0.34531
9606,1.84238
5336,-1.51712
8781,-5.0502
5178,0.09165
8642,-3.43791
1132,-0.28576
3778,0.31995
8321,-0.80998
3029,0.46321
3320,-0.93938
8710,1.82163
1822,-0.33984
4904,1.32436
1253,0.82735
2364,-2.74434
599,-1.14403
5913,-0.22674
4683,-0.27946
2631,0.542
2740,2.08855
1493,0.01087
6982,0.79953
5378,-0.68823
2488,0.82912
1684,3.12566
9995,-0.22357
8581,-2.13303
8342,-0.71096
4411,0.95155
1296,0.32874
147,1.82905
3695,1.11097
5752,2.08553
4499,-0.25203
2881,-3.21874
7734,0.32796
1188,1.36559
3253,2.48065
5525,-1.84479
2877,-1.31368
7808,-2.20824
8503,0.43288
5207,-1.79219
4048,1.55452
3418,2.08154
5825,-0.52685
9369,1.29531
2281,-0.03131
5130,1.21928
9553,1.57354
4961,0.32104
7307,1.6696
9536,-1.47893
2687,-0.44566
2931,0.52339
1290,1.35573
5640,-0.06185
2089,-0.34977
6330,-2.06468
583,-0.94452
1718,-1.20112
3905,-0.95392
9366,-0.1342
8086,-2.48288
8160,0.24701
7888,-2.25138
8793,0.08967
1123,-0.10584
7382,0.82273
4803,0.02823
105,1.36847
8687,1.52539
8987,-0.53872
3724,-0.65257
3338,1.5899
2509,-2.15882
803,-0.03259
6028,1.96236
1606,0.3298
9264,1.34934
5841,0.59558
6314,-0.67822
9828,1.84757
4427,1.07755
1447,-0.41589
6298,2.89409
4967,1.66214
9135,1.24881
3980,1.95592
1962,1.72701
7274,0.3605
2143,-0.79991
5654,2.68528
6563,-1.14763
382,-2.72487
4971,0.64308
5246,2.44226
9223,0.48579
2219,-0.70904
1334,-0.3374
461,-1.61456
3382,2.50515
4080,-2.80312
7093,-0.55076
1947,2.69737
9199,-1.43931
8748,1.11742
3934,1.25993
8018,-1.46494
9220,0.52278
4299,-1.10418
7427,-0.16601
2252,0.61094
5114,-0.95506
4887,0.20789
255,0.82623
7349,0.73886
8021,-1.75759
8032,-1.69886
3007,-0.2591
8553,0.9532
9740,-2.338
8651,1.80207
596,-0.60679
7400,1.65097
4952,3.25012
342,-0.33962
6640,-0.41977
736,-0.39057
7542,-2.81664
7514,1.51382
8434,-0.8612
1214,0.68324
2422,-0.60095
3611,0.58806
9718,-0.68012
300,-0.78871
6396,-2.244
4455,0.49166
5670,0.1381
2865,1.09843
3895,0.95162
4867,-0.0806
4660,0.26543
5792,-0.52827
1861,-1.03556
7591,0.31415
9565,1.64278
24,1.80682
8057,1.17948
7732,-0.87047
2376,-1.23848
6537,1.48995
47,-0.5488
5646,0.17637
9701,-0.68813
8152,-0.8939
3263,-0.71999
5596,-1.32513
2466,-1.79579
6426,-0.59059
8623,-0.44335
6162,-0.3077
1515,-0.21074
682,1.69088
9690,0.65967
1974,0.0797
1399,-0.88635
4031,2.06776
5893,-1.06638
2519,-2.02189
7923,-1.23788
6374,-1.32293
5125,-2.57367
2362,-2.52313
3375,-1.90732
6109,-1.74252
3383,1.98462
9049,-3.35192
8954,-0.10646
6317,-1.76181
5013,-1.75852
9744,-1.45058
7190,-0.58853
5238,2.14081
9955,2.48785
463,-0.91723
8629,-0.21003
6197,0.8099
1164,2.17098
754,0.89874
8592,0.50065
5542,1.16681
6692,-0.78363
6180,-1.14513
1692,2.33323
6575,-0.14632
5155,-0.51454
9080,0.29254
4113,1.94152
8222,0.45982
7078,-1.42184
8067,-1.01467
7222,0.16118
7645,-0.38361
5892,-0.25503
7728,0.43758
484,0.92262
1021,1.1149
9523,1.03571
602,-1.80436
1425,0.09969
5955,-0.32836
9862,1.88199
6710,0.47161
9817,-1.33665
3339,1.87432
6985,-0.42045
7678,-0.29918
1937,-0.17047
2728,-2.06214
9607,1.46589
6181,0.72349
6911,1.47239
1173,0.272
3024,-0.26823
4944,0.10705
4853,1.47365
8409,0.13355
7674,-1.3787
3512,-1.57496
232,-1.83621
6919,-0.22449
7584,-1.6494
6850,-0.34002
2085,-1.61958
969,2.12728
9427,1.51121
8842,-0.86909
5887,-0.90351
9287,0.39353
4769,-0.79989
5127,0.27269
3716,1.04044
6941,-1.25227
9960,-0.07086
482,0.72866
8176,-3.8096
3069,-0.77956
6550,-1.49958
7202,1.15639
8943,0.27132
1942,1.62381
3726,-0.85223
8400,2.84706
7811,-0.26206
450,-1.68368
9155,-1.07437
9124,-1.61474
7723,1.49174
9905,2.17728
4010,-1.19899
1933,0.59964
2184,-2.71791
4138,-2.1949
4346,2.08777
2049,0.0262
2178,0.27308
7945,-1.54455
221,-0.27136
1728,0.34485
3431,-0.57563
2229,-1.59653
5403,1.77409
5210,-0.92761
4494,0.4951
3153,0.25229
2408,1.31558
4575,-1.34165
2190,-0.88143
3931,-1.63021
527,1.22666
4074,-2.23536
5749,0.50469
3165,0.58148
873,-1.02579
2140,-0.48393
3784,0.37189
7900,-1.32741
8706,0.25289
1233,1.79266
7595,-1.40999
2005,-2.05374
4272,2.15337
6082,0.34903
1786,-2.57341
7951,0.43253
3298,1.20902
3095,-2.09567
7105,-0.29418
4770,-1.592
7858,-1.13602
4972,0.66302
2606,-2.43937
5074,-1.00182
6519,-1.04757
512,-0.27129
3868,2.07706
9561,2.03089
6654,1.34568
4852,0.30779
3793,-0.08044
1196,1.4116
1469,0.5133
9330,-1.11181
1013,2.05963
283,1.65928
285,1.62233
2593,-1.083
1359,-1.6433
788,-0.74155
9066,-1.76176
4883,-1.56197
7405,-1.46398
4528,0.96157
6944,-1.17726
6188,-1.76141
3928,-1.55695
1550,0.85265
3748,-0.01484
6246,1.03642
8727,0.85651
4433,0.6603
163,1.13401
5343,1.75544
8202,2.16071
2800,-1.40237
2669,1.5891
1921,-0.56866
6143,-0.54851
9010,-0.12776
2132,1.41804
3758,-0.5095
5708,0.04996
5672,-2.89279
6319,-3.37761
9594,-0.47266
8570,1.64829
7289,-0.03402
7046,0.734
9511,-1.46327
134,-0.66251
3364,-0.02017
7288,-1.21453
3820,-1.37785
5782,-2.37439
8864,-0.43061
1109,1.59044
2857,0.48
2427,-0.04526
7080,-0.48966
8608,-1.11679
5431,1.59138
1599,-0.56649
4584,-0.52666
9353,1.23215
3102,-0.02669
337,-1.56471
2047,0.98635
6013,-0.39545
1206,-0.4213
8594,-1.33904
9017,-0.73395
4287,-2.26606
3589,-2.05035
4632,-0.05371
3558,-0.10856
1040,1.29486
8203,1.46031
2564,-0.62335
7534,0.17304
3623,1.53832
2818,-1.39493
4915,-0.40086
6342,-1.6764
2701,-2.92041
8364,1.48991
7672,-1.97332
6805,1.81302
5496,0.464
292,2.48578
7014,0.13491
6757,-0.09477
1722,0.11224
4439,1.13246
9735,-0.5835
8463,-1.59761
4116,-1.61436
3865,1.01237
5957,-0.64313
1536,-2.77418
8348,2.46938
8393,0.05026
4586,-1.79827
9340,0.2409
5952,-0.32732
7055,0.01902
6017,-0.95842
5520,-2.03553
9629,0.97156
3480,-0.49645
7949,0.50402
3828,1.57136
9388,-1.42788
7335,0.14349
4436,0.80961
6517,-2.67669
1278,-2.32558
495,2.6281
4108,0.92042
6720,-0.85514
3120,3.2663
5423,1.04246
2763,1.25137
8079,-1.41637
3491,0.45371
9894,-0.17292
1583,-1.59904
5725,-0.14111
1316,-1.04652
3734,-1.42597
6142,-0.39607
4374,-0.2779
7890,-1.49546
7823,-2.61523
4600,0.43446
6619,-1.45604
4320,-0.13294
5903,0.06606
8114,-0.47257
4078,-2.19667
1019,-0.60634
6443,1.17122
1694,1.58383
6088,0.98191
1768,0.26354
262,-1.95415
5821,2.06441
3272,0.32049
6783,0.16759
8092,-2.66035
3570,-1.6544
5598,-1.49165
4740,-1.10154
2441,-0.47848
4726,1.75697
7447,-0.1079
7639,-2.65762
868,-1.47582
6099,-0.42953
6507,-0.43802
6021,0.08398
4533,1.6993
7718,3.58812
6930,0.54794
161,0.77931
5163,-0.00259
5209,-1.74355
1868,-0.52244
9691,1.23603
5102,-0.69989
4991,1.19423
6813,0.92293
1211,1.24535
6853,-0.80396
9188,-1.5881
8148,-1.63494
8049,1.05755
2260,0.76891
1569,-0.16072
5593,-2.16647
3612,1.42309
9196,0.10696
2873,-0.34565
183,-3.67808
2386,-1.48083
8802,0.88538
2887,-0.48515
4974,1.16252
8929,-0.80812
4429,1.28712
114,1.8511
8497,1.71974
4700,-0.04839
807,0.8359
2655,-1.83161
5117,-2.57658
1491,-0.14145
7726,1.83495
4648,-0.47276
9668,-0.95426
354,-1.07669
8140,-1.21272
5837,0.72122
7000,-1.75493
2425,-0.92193
2624,2.48759
8047,1.07191
9725,1.42698
6981,1.45446
5365,0.57308
2618,-2.27394
7819,-0.11256
5773,1.15184
1430,0.16014
7500,1.09405
3796,0.05213
6836,0.65212
7798,-3.70985
1842,-0.99572
4836,-0.62183
2529,0.57341
2313,-0.46371
9312,-0.13694
5167,-2.63157
7853,-0.08937
552,0.82134
1071,-1.81134
9218,-0.59583
5104,-2.04421
2023,0.49477
5241,0.79045
7709,-0.24893
4147,0.53455
2892,2.4739
9086,-1.50736
2600,-0.81299
6524,-0.7553
7444,-1.4862
6611,1.03853
1746,-3.58869
7075,0.22383
6240,-1.28137
6804,0.54034
7408,-0.5048
9387,0.02127
3624,1.72304
8772,-0.02858
9035,-3.08181
4975,2.52525
9764,-0.16353
6829,-0.1297
2615,0.22334
6580,3.31485
2773,0.64345
477,0.58145
4558,-1.02513
9851,0.30399
7423,-2.089
6258,-1.06591
6623,0.17569
4576,0.1302
6489,0.64083
4248,-1.53513
5470,1.03812
4133,1.09367
2351,0.30075
4497,-0.71827
9729,-0.31328
7443,-0.10507
8589,-0.09018
721,-0.86359
8778,-0.16879
7072,-0.47276
3838,0.48102
805,1.04788
8128,0.02479
2361,-3.62803
9146,0.67105
218,2.22884
9569,-1.70773
507,-2.99583
7168,-2.80219
9443,-0.24877
7156,-1.25842
2215,-2.96959
5945,2.04541
2080,2.0481
281,1.23947
9428,0.76061
3013,-1.77863
6651,2.78635
9167,-0.94162
8945,1.47555
1739,1.02724
6466,0.55497
2907,-1.72215
7119,-1.88141
4994,-1.73923
7758,1.06397
9604,0.98612
5942,-0.88946
8191,-0.02634
2721,-0.17544
3433,0.1521
2412,0.81728
4071,-0.68272
307,-2.33093
6185,-0.41714
1944,0.58644
4395,0.93531
5842,-1.69346
1909,-0.73999
913,-1.93082
5111,-1.90202
4987,1.04268
1234,-0.19171
4723,1.01631
8690,1.02157
666,-1.01963
3995,-0.77212
260,-2.04708
9133,-0.42152
9860,-1.39562
7715,3.54963
1033,-1.16494
7137,1.29003
568,0.25076
7266,-1.72996
9279,-2.10216
2169,-0.19176
2400,-0.13579
4094,0.79701
2866,-0.67957
8143,-0.91987
7339,-0.48152
9252,-0.63209
8617,-0.90497
1567,0.16945
7797,-1.11788
8231,0.57991
4673,-1.6049
3530,3.31323
8769,-1.07319
9378,-1.16282
1104,-0.42755
2303,0.2019
5015,-2.21264
6817,0.02676
8382,-1.66692
6936,0.77378
9118,-2.14047
716,-0.30181
2643,0.43332
3548,0.33877
2349,2.37005
3967,-1.43496
4239,-2.42401
6657,0.02359
4315,0.4775
4450,-0.17243
6952,0.95452
9292,-0.19849
8330,0.95698
9583,-1.25323
6838,1.90394
1899,0.94491
4711,-1.90159
4998,0.79335
4325,1.08328
8044,0.72959
4666,-0.1904
5405,1.73674
6053,0.89657
6312,0.51393
1744,-0.66695
2311,-0.29706
2177,0.60103
2056,-0.86628
7948,0.99104
52,-1.23146
9234,-2.79397
129,1.67416
8027,2.168
5022,-1.88606
2513,-0.45537
3581,2.09162
9333,1.01615
1268,-0.2534
5992,2.17013
2241,-0.53173
8537,0.37722
2589,1.85046
4036,-0.86714
2062,2.60528
8787,1.14416
4672,-0.58738
6639,-0.40818
7240,2.48406
4891,0.9926
611,-3.33078
8777,-0.46771
5380,1.92606
7039,-3.42768
6189,-1.50015
7616,-0.01586
1208,0.47513
3885,-1.19816
4511,-0.41001
1913,-1.06842
7431,0.65691
3080,-0.17643
45,-0.91702
3823,-0.11907
8873,-2.1814
2424,-0.5351
708,2.42228
8679,2.06778
4829,-0.11974
771,0.12966
5372,-0.12998
6054,1.41281
8609,0.15655
8333,-1.00408
8150,-2.75014
4472,0.27268
7909,-1.77021
5854,0.64024
6122,2.10695
2823,-0.20594
7837,0.6698
8563,-0.33848
7850,0.12834
4235,-1.35184
5044,0.22813
3771,0.251
6585,-0.91961
4087,-2.04184
9901,3.30378
9890,0.52557
2557,0.34911
834,0.6893
4547,1.29058
6401,-2.708
9082,0.15458
8618,-1.05771
138,0.60568
276,0.0564
7360,0.35669
3075,-1.41593
3426,0.85775
1213,1.62475
3707,-0.0547
7710,0.32244
2658,0.52116
7106,-0.30269
3882,1.29749
7601,-0.02554
2627,2.24498
7251,-0.47451
9256,1.32172
5345,-0.17999
3634,-1.72283
4940,-0.79785
9463,1.35421
5623,0.93191
5097,-1.09855
5473,-3.19983
4949,2.50756
5974,-0.11241
4626,-0.39406
767,-0.29922
1609,-1.68864
4493,-0.9693
4503,-0.02887
2302,0.45991
6467,-2.13866
8914,-0.51133
1423,-1.07851
7611,2.13566
2380,0.75201
5947,1.6132
58,-0.59316
6465,2.34747
5266,0.10703
1522,0.17962
1952,-3.19874
8443,0.00072
1105,-0.60698
3014,-2.72484
967,1.72919
6445,-1.29168
1008,-0.9008
7211,0.33703
8465,-0.92409
5910,-0.3384
7090,-0.01444
8681,2.52259
3935,0.36423
4487,-3.9929
5504,0.38777
694,-1.81536
7381,1.52278
7618,0.84572
6474,-1.43542
2947,-1.68078
7194,-0.2471
6163,-0.10779
2759,2.13673
4621,-1.3502
8533,-0.17214
2698,1.90495
1993,0.36585
8429,0.2324
8366,0.23775
3469,2.53858
1774,0.5856
8025,1.00125
1036,1.70092
7789,-0.22621
4443,1.56454
3879,-0.27072
2374,-0.6355
3198,0.28229
5643,-1.20637
8471,-3.08816
9336,-1.00901
4591,-0.58885
33,-1.78258
3614,-0.9088
2173,0.50999
8908,-1.23866
5316,0.98862
5293,-2.08572
2708,-0.64522
3250,1.82862
9392,-1.11936
8211,2.33165
9763,0.10886
959,0.49912
2952,-1.41905
2722,-0.03696
9886,1.01732
4837,-1.03931
6942,0.53483
670,-1.13861
1592,0.38709
5857,-0.31198
1220,-0.21455
600,-2.35125
8315,-0.73742
6175,0.33694
9970,-2.22578
5570,-0.45522
5549,1.20366
4596,-2.07206
613,-0.31294
3238,-0.84361
1049,-0.38295
6969,0.30599
2817,-1.43069
8035,-2.50871
7637,-3.57456
7539,-0.35074
7559,-0.15565
9534,-0.25264
3400,-2.51619
7067,-0.16771
6422,0.74734
1832,-0.87528
558,-2.15811
1735,3.77772
8296,-1.28108
6020,0.35339
1378,-0.51858
7143,-1.6138
6678,0.85633
9319,-1.92112
1866,0.01431
8796,0.01965
4175,1.39426
3331,0.26104
3481,-0.95538
8700,-0.9055
1355,2.80156
6744,0.61193
4884,-2.43915
1509,-0.2492
7786,-1.48628
1199,-0.62539
6425,0.56815
4188,0.09679
2268,-0.93798
8389,1.12203
9177,-0.98823
6242,1.36921
9473,0.79595
2895,4.06523
362,0.97219
6681,2.20175
6449,0.52949
939,-0.8864
5329,0.92448
3938,1.2642
3315,-2.56323
9953,2.44955
5176,-1.74244
2269,-0.65946
7632,3.34607
1388,0.21752
3189,2.29106
1143,-0.95283
9365,0.42955
4567,1.61694
5919,-0.69019
8435,0.1071
3,3.72716
9790,1.56096
7901,-1.04307
5304,-1.07652
8078,-1.6359
8644,-3.93836
4835,-0.64939
1612,-0.38128
4521,-0.82572
6029,0.55655
5881,-3.38723
8121,1.37125
6415,0.3845
7322,4.0312
468,-2.76186
700,-0.97653
175,0.18484
9866,-1.6103
1604,-2.65949
2146,-2.51641
3472,0.87908
2212,0.0738
5086,-0.43185
8438,-0.75759
7881,0.73315
1514,-0.64134
7725,0.17204
5840,-0.21464
7465,0.60112
4791,-0.83445
2317,-0.15133
4785,0.38076
7213,-1.14161
8156,1.6018
5184,-0.54352
3071,-0.78635
9067,-4.00967
9121,1.43308
4815,2.08917
2751,-1.99259
1663,-2.44108
9722,1.15121
8966,-1.81554
726,-2.57192
7834,1.54069
417,1.15458
9934,0.19176
3429,1.14299
9727,0.79104
4386,-1.56134
3169,0.04333
9116,-1.8538
7657,0.48571
4532,0.70275
3839,-1.13054
145,2.75716
9783,0.56725
2492,2.71898
5248,1.08662
4813,1.83599
4178,1.07133
4369,1.49132
2193,-0.72552
9692,0.49646
2440,0.26651
751,-1.43831
3270,-2.51242
9006,-2.13519
9245,-3.24033
2731,1.12796
5771,3.25466
5757,1.39681
1727,-0.16563
1391,0.3683
4777,0.22242
4171,-0.53891
9921,1.50905
6035,-0.39202
3321,-1.98395
4344,0.95611
7597,-1.22478
5234,-0.72212
5739,2.66653
1806,-1.46238
199,3.38722
3602,0.16771
9720,0.2412
8586,0.20845
1114,2.50871
8686,0.34064
4079,-2.90075
4880,-1.66963
3791,-1.9021
7827,0.31774
4275,0.74829
6589,1.91929
4384,0.58351
8365,-0.00304
2444,0.00824
3887,-1.41467
1367,-0.47846
9175,-1.4663
1335,-1.05901
4873,-1.39617
8719,0.06598
4465,-1.05338
5572,-0.26114
6509,1.67299
7449,-0.08855
5494,2.80533
3842,-0.01677
1996,1.69237
8271,2.4361
3127,-1.1269
6574,0.1638
8083,-1.70451
7821,-1.33836
9348,1.34769
3794,0.6801
5106,-0.20967
7183,0.75071
8264,1.6348
1287,-0.8706
6909,-0.57153
1363,0.77892
6116,-2.41275
234,-1.76469
5584,-0.80077
6249,-0.8171
7215,-1.05527
3759,-0.78153
4357,-0.7285
1130,-2.33319
9244,-2.28543
3688,-1.68106
8660,-1.07852
3056,-0.9838
3834,-0.81109
2403,0.57616
2118,-0.84496
826,-0.12927
9499,-0.29715
7682,0.64846
9987,-0.13735
5991,1.1791
3705,0.18073
3584,-0.72112
4598,-2.13974
5963,-0.2787
117,1.5362
3561,2.47179
3524,-1.47675
2011,-0.52001
6144,-0.30214
2147,-0.86362
7225,0.52267
1770,1.60522
2570,0.90512
889,-0.98246
6641,-0.66969
9140,0.8363
6267,-0.82443
3916,-1.48747
1524,1.37164
8776,-0.12354
1484,0.3214
6762,0.69875
9371,0.65726
7388,1.95175
3918,-2.031
6152,2.85354
8265,2.82004
1174,2.01231
7396,-0.22957
1244,1.27188
8234,-0.95945
7868,1.42413
7869,0.99735
3212,-0.35454
1230,1.06664
1939,-0.29178
9379,-1.61814
217,-0.04353
6864,1.1912
8638,-0.02522
9975,-1.24842
1600,0.03423
3119,4.46639
4216,-3.82306
3498,0.65411
5582,-1.38639
6529,0.25383
203,1.99437
294,0.34007
4223,0.57472
3037,-1.33621
714,1.16781
4817,0.62982
4310,-0.52197
9128,1.04323
1085,-1.57607
136,0.72547
9933,-0.11735
259,-1.22603
2845,0.72146
1791,-0.70783
6216,0.44763
4109,-0.06563
5495,2.20781
8375,-1.1939
8596,-0.42758
784,0.05098
4911,1.18894
3977,0.34987
6460,0.26801
4535,3.10447
7574,-0.20214
5636,0.99656
4612,1.70177
3275,-0.97779
2911,-2.10877
664,-1.10544
6424,0.82031
8323,0.61684
7653,-0.39506
8790,2.90795
6155,-0.15512
6843,0.61877
2182,-2.14827
3067,-0.78404
8095,-0.64887
2069,1.13516
7769,-2.56272
7050,3.21443
4550,0.19651
1480,0.76856
5004,-2.76178
4029,0.38972
8604,2.2113
5869,0.76235
3113,-0.27661
4640,1.13449
1060,0.12852
7600,-0.16902
9973,-2.14212
7471,-1.14591
3633,-2.84992
7300,-1.52595
6165,-1.5636
7231,-1.6285
5156,-1.64904
2327,0.5217
8233,-0.01445
7126,-0.30993
4968,0.85392
4630,-0.47536
8944,0.73597
3829,1.51333
7879,1.0702
525,-1.71712
7820,-1.57161
2791,-0.03496
9958,2.60099
5079,-0.35994
759,-1.30756
4649,-1.30647
9372,-1.32621
9426,0.19648
3288,-1.73312
5642,-0.55659
8850,2.05536
1982,-0.95175
6573,0.435
53,-2.04265
8788,0.97228
8303,-0.34222
7402,-0.22048
8792,0.44816
1602,-1.09419
6863,1.03968
2310,1.04135
4379,0.84601
9795,0.48929
4076,-1.26539
5799,0.67132
1687,0.81598
2556,1.34116
6831,0.07694
1726,0.12955
6219,0.0466
3193,2.6952
5197,2.45601
1001,0.78227
7790,0.73055
3722,-0.63112
3543,1.15462
6918,-0.39595
4155,-1.05531
6256,-0.43602
8311,-0.27089
5661,0.5275
5858,0.99398
6067,-0.79807
9452,-0.2695
1365,-1.08147
3215,-1.60292
6346,-1.76501
351,-1.77959
4865,0.51016
391,-0.05945
1634,0.1218
1029,-0.62861
593,-1.6752
6255,1.29406
914,-2.57819
1902,0.08407
4682,0.74507
5971,-0.36012
1872,-0.92145
4343,-0.90544
4254,0.2178
790,-1.15021
4041,0.49514
1293,-0.79768
8956,0.65707
6105,-0.76843
3913,-1.99681
5754,2.08094
1180,2.70272
777,-1.45446
7896,0.01752
9841,1.41736
6886,-1.97297
2276,1.25273
1427,1.22762
1721,-2.07005
9422,0.94006
4574,-0.36613
1805,0.28828
8524,-1.48067
2367,-1.44645
3736,-2.65365
5351,0.87418
2707,-1.71467
7185,-0.31045
3516,1.95357
1639,-1.34525
2025,-0.71289
4712,-2.43521
8853,-0.92653
9295,-1.75284
4898,1.3963
7623,1.37263
1763,-1.91152
3023,-1.66851
7554,-0.15437
7265,-2.4233
9823,-1.00536
6306,-0.77158
2439,-0.32912
3560,1.25197
8029,0.24067
9846,-0.95589
6953,0.71061
1859,0.1864
8725,-1.36458
7527,0.76591
4755,2.39094
658,-1.11699
1885,0.58465
212,1.34523
7731,0.69521
3789,-0.03133
9297,0.29139
8036,-0.99621
2284,-1.09321
101,0.86135
6014,0.94884
5998,-0.24916
3754,0.32179
1773,0.82569
2051,-0.9048
357,-2.39281
3776,1.84719
1870,-0.03406
8931,-1.96701
9162,-0.57685
1275,1.18156
699,0.66916
789,-0.56049
505,-0.58208
6792,1.14967
344,-1.45719
4317,-0.52059
9818,-0.85169
7977,0.00632
9555,1.21605
1705,1.03248
2468,-1.39282
6536,1.1715
3106,-0.04074
3501,1.9296
2710,-0.11366
7696,-1.22445
423,0.06578
3243,-0.8136
9935,0.87553
727,-0.55703
3825,-1.18825
4689,-1.49257
39,0.20707
4088,0.00127
6571,2.06832
1844,-1.15958
7856,-0.77454
7206,0.85656
191,-0.65765
1784,-0.75597
8550,0.33341
2162,-2.71205
1303,-1.01216
3599,0.66322
3852,2.77306
7073,-1.92323
9044,0.33745
9608,1.19649
3595,0.46065
5055,-1.03006
7807,0.1189
822,-0.65899
4345,1.64801
7315,-0.04881
5146,0.36372
9556,2.22493
3430,0.01306
8762,-2.25298
1349,0.70223
2027,0.60734
960,-0.01616
5652,1.63771
2246,-1.27862
6427,1.07536
7424,-1.1971
999,-1.01915
3947,-1.18036
5038,0.81701
4461,0.70808
7851,0.65331
4257,-0.23335
7455,-2.71678
5651,2.47293
3042,2.21226
6561,-2.03924
5595,-2.09031
6027,-0.92778
4337,-1.8622
6616,0.68335
6903,-1.87465
7939,-1.72132
3133,-2.13224
7538,0.21307
2024,0.24818
3036,-0.22819
9186,-0.15309
9413,-1.53442
9948,-0.91924
8113,-1.79223
5768,2.21436
1769,1.98569
8019,-1.56095
907,-1.00563
2108,0.88506
9288,-0.25915
8561,-0.13752
6816,-0.73137
5980,-1.81779
906,0.25579
5513,-0.2631
9338,0.10856
7369,-1.51878
6503,0.55079
7749,0.73059
2730,1.24019
3283,2.05615
7540,-1.15478
5917,-1.29677
1455,0.04562
1232,0.07984
2163,-0.77048
3911,0.5849
3239,-1.36767
6856,1.09745
526,-0.26524
6409,-1.53175
8195,-1.77671
5720,-0.70406
6579,0.84966
4243,1.946
7902,-0.6446
3219,-1.48919
2395,0.31075
9337,-1.0991
979,-0.50902
2552,-1.43485
8414,-0.06938
3138,-0.3891
2322,-1.90213
8076,-0.85455
7469,-1.79918
9710,1.1671
1422,-1.34382
201,1.16193
8498,-0.39285
9610,0.90536
5543,1.22144
9911,2.00629
1402,-1.28616
5680,1.27848
269,-0.34442
951,0.32351
8387,3.11508
9919,0.52495
2474,-3.71463
115,2.09823
8566,-0.63335
2682,-1.86546
3256,1.00216
4475,-1.83555
5852,1.20277
4023,-0.6596
5489,0.48444
2126,-0.81417
977,-0.05406
9675,1.20403
3402,-2.14635
5143,-0.44571
7480,0.26126
9270,1.52933
7557,-1.45338
4804,0.84007
4731,3.32076
5958,0.94197
2883,-2.01942
9560,2.38763
6237,-0.55874
1414,-1.29667
3772,0.92251
3733,-0.51545
7849,1.22022
9658,-1.62314
4922,0.07135
8470,-2.49132
4295,1.78899
565,-1.05983
1282,0.15724
2494,2.02051
2502,1.79483
6976,0.50613
1571,-0.70203
4819,0.8065
8300,-0.22761
8244,-0.3354
4953,2.5862
8297,-1.77886
9850,1.01287
4095,3.05432
7270,-0.13712
9143,1.38032
7773,1.13518
2978,1.05737
8129,0.28907
2296,2.51234
8351,1.09681
7362,-0.51726
2378,0.5333
5689,0.63364
2825,-0.77385
8478,-1.54947
2392,0.72792
7472,-2.07781
3897,-0.67987
4563,-0.92443
4169,-0.24684
1146,-0.30984
3265,-2.13191
6549,0.02547
6912,0.82878
1372,1.29776
361,0.05763
6043,-0.52657
6451,1.3626
3750,0.3007
7825,-0.40059
6208,0.33841
5139,0.60168
1444,1.30784
4776,-0.4659
9047,-0.68448
9940,2.71058
7027,-0.89814
8299,-0.23083
1116,2.3
9826,0.88192
365,0.64999
4470,-4.07588
3089,1.35332
8826,-0.85699
8866,-0.00023
515,-1.3439
68,-1.96293
3962,-1.15364
4064,-1.25393
4322,1.48006
2418,3.36299
9411,-2.24718
1673,-0.58779
7433,-1.59197
895,1.12487
2070,2.2814
811,-0.16116
7061,1.28739
4946,1.53602
1777,1.80854
4140,-1.18972
5794,1.99971
603,-1.02495
364,0.69867
3753,-1.21909
4314,1.07944
8165,-1.12589
359,-0.88788
2568,-1.10659
4545,2.43326
4220,0.31542
6885,-1.73698
6320,-1.56845
9254,-0.82918
7038,-2.51951
9749,-1.28925
6468,-1.8542
1101,-0.22713
3354,2.80754
5653,2.04382
5422,2.69602
1704,-1.44227
6338,0.10239
4057,-0.95831
1445,1.63143
7570,-0.66367
7874,2.05756
1972,0.38153
2325,0.9316
3921,0.4687
3647,0.24155
7549,1.62979
6259,-0.06929
8310,-0.18112
4850,-0.54268
958,2.54041
8201,0.98255
6501,-1.12135
2261,-0.08399
7325,-1.50453
734,1.25949
8927,-0.68894
4174,0.66795
3968,-1.6949
8460,-3.6285
5911,-0.22476
3790,-0.88514
1581,1.19011
4394,1.60037
9386,1.18345
7337,1.19512
216,-0.60383
2613,0.18346
9802,-2.75571
1012,0.70889
3566,-0.76305
1651,1.24048
3847,1.26972
4546,1.99614
3151,-1.78271
7323,3.30734
4805,0.23059
9111,-0.4575
6049,1.69204
2851,0.46506
5334,0.16703
1112,2.10064
1351,2.34328
18,1.40534
6104,0.90413
8705,-0.31494
648,-0.41238
3618,1.40888
9547,-0.84656
1782,-0.15816
615,0.15909
264,-2.93061
2806,-1.81811
7357,-0.37773
3468,1.8676
2932,1.18845
9471,-0.50164
3959,-1.10503
502,1.04131
6751,-0.02205
4715,0.48169
104,-0.82164
8501,1.03658
5612,0.70127
3285,2.16546
152,0.25428
6211,-1.87623
322,-0.81615
388,-0.91646
9501,-0.69871
6403,-0.81181
8200,1.29706
8813,-1.17094
3170,-0.96815
3565,-0.80096
3465,-0.33916
7921,-0.75137
5419,0.84494
9751,-1.92552
3952,-0.49035
1228,-0.37452
9983,0.08934
884,-1.31638
5961,1.62257
9946,-0.40711
598,-1.3792
6431,-0.97086
7512,-2.70236
3991,-0.78331
2478,-0.9068
2290,-0.95272
6128,-0.42701
5602,0.99327
2445,-0.44757
7152,-1.61917
4862,0.25503
4409,0.86974
945,1.99237
1086,-2.14638
1377,-0.05048
7602,-1.82871
442,-0.81443
4798,-1.56541
233,-0.8693
4719,0.72715
8715,-1.49905
8852,1.29199
746,-0.08047
4748,1.03532
7205,1.19693
5374,-0.36842
5003,-1.66038
131,0.82065
9568,-3.05884
3362,0.55889
7520,-0.3674
8217,-0.84924
9966,-1.52667
620,0.44524
4072,-1.89709
4417,-0.018
646,0.48751
7729,1.20024
5567,-0.02349
8541,3.04685
5349,0.44962
4418,1.05802
1037,1.95756
1212,1.06319
3060,-0.72635
8941,-0.02706
7547,-2.08895
633,-0.23509
6803,-0.18443
5061,-1.57205
5364,-0.65511
4983,-0.26546
3864,-0.15649
7876,1.87951
2114,-3.07441
3040,0.0093
8530,-0.5991
6768,0.91829
1783,-0.24553
6004,1.5194
5860,-1.19733
8658,-0.13891
2247,-0.4081
9803,-3.05159
1613,-1.33033
1923,-0.32111
1810,-1.53694
9031,-0.21476
9147,-0.16068
2938,-2.35286
7404,-1.56716
9821,-2.45936
5060,1.49045
8528,-1.46912
2331,0.60673
8167,-0.61558
4681,0.64412
2719,0.16523
6788,3.1059
2257,-1.77974
8490,2.18914
9294,-2.03751
5262,1.05015
4710,-2.40933
1889,0.76403
4042,0.98088
8061,-0.15
8011,0.0551
6851,0.10032
8556,2.24781
9848,1.35882
8557,1.77409
3951,-1.39863
4303,-0.13721
7170,0.56486
6480,-0.3129
6758,-0.17167
8184,0.58186
1246,1.73371
7399,-0.34336
833,0.91104
2134,-0.14659
6444,-1.21264
6250,0.76216
8680,2.15608
4749,0.45043
1534,-0.7022
4046,0.39131
1593,1.39875
6476,-1.83019
6055,2.08822
6205,-0.9815
855,-2.66985
9508,0.32189
414,1.2173
7253,-0.85323
1535,-1.64974
210,0.68745
94,1.66015
8510,1.06122
5433,2.01421
2789,2.45758
409,-0.7599
9192,1.3515
236,1.17663
3078,1.64928
7908,-1.40784
3943,0.80538
5630,0.86768
7503,0.95611
3577,2.90152
6272,-0.62359
9243,-3.84593
2274,1.20077
9400,1.1268
9510,-1.78098
5836,1.1809
2101,1.08947
7043,-1.12495
3799,-0.17822
6960,3.58608
1653,0.23524
1482,-1.34369
5095,-0.49414
9613,-1.84479
3490,-1.30005
1457,-1.67886
5458,-2.36164
3350,2.28705
6594,0.78591
3147,-1.53089
1412,-0.6998
5027,0.39907
9148,0.51964
5791,0.57586
4408,-0.91395
8174,-2.82057
5810,0.89824
1710,0.36453
1927,2.14665
2355,-0.57755
5606,2.05262
9233,-1.56345
1331,0.37924
4456,-0.50728
6471,-0.13739
4451,0.57163
1027,-1.82005
4434,2.19914
8258,2.08512
5656,4.16625
2586,-1.66549
2974,-0.56933
3766,-0.74978
5313,0.48936
9235,-1.95664
5766,0.53748
1590,0.34816
1941,1.66808
8548,0.08635
922,1.49439
5254,1.00399
9484,1.68206
3579,2.00869
5285,1.22492
1237,0.05696
119,2.1048
4857,-0.91906
1154,0.26146
988,1.74144
6159,-1.29826
9200,0.55973
153,-0.64844
2953,-0.28155
4609,1.44018
4534,1.27809
2596,-1.01321
3369,-2.22415
3450,2.16555
6653,0.95718
4788,0.88128
1873,-2.28672
6627,0.4221
2030,0.8847
1900,0.63158
9825,-0.26974
6333,-1.57996
3477,-0.05553
5154,2.01121
5480,1.14747
9872,0.29695
6350,-0.77696
8653,2.19803
4864,1.27799
3141,0.04242
9913,1.98418
7594,-1.07787
3923,-1.27574
2059,0.11075
5588,-2.23875
902,-0.61
9132,0.47974
1511,0.53644
695,-0.18
7351,2.44423
2139,-0.29278
3663,-2.00907
2289,-0.82167
7305,0.12955
8190,1.46352
3914,-1.1805
98,2.02312
4863,-0.43468
4399,0.69736
4340,-1.6668
9870,-0.02739
3954,-1.73775
815,2.04972
7303,1.11658
8016,-0.58928
6916,0.46125
5157,-2.17311
3946,-1.04783
3737,-1.17741
8007,-2.86662
6665,1.23493
1648,0.47931
7882,-1.14745
7840,0.9376
7348,2.47729
745,-0.12974
2918,-0.28975
8884,1.28971
1151,-1.31396
5619,-0.50699
238,-0.44618
6778,0.57266
1452,1.43417
3976,1.74402
4495,-1.24566
5186,-1.23748
3286,0.38428
7822,-2.20799
8897,1.39821
9307,-1.42349
7861,0.0287
6502,0.13709
4966,1.1229
7092,0.62091
1966,0.56815
1724,-1.26313
6198,-0.08146
3497,0.77923
2801,-2.71339
6084,0.61108
7973,0.5792
7640,-2.48729
215,-0.83829
1257,-1.32958
1487,1.986
7884,-0.75071
5932,-1.47603
943,3.64473
7533,-0.30817
3003,0.79157
2917,-1.85989
5174,-2.26965
9619,0.62947
471,-2.77503
323,-1.46222
1579,-0.27955
7846,-0.0833
5024,-2.77896
9667,-1.40234
5573,-1.14641
1127,1.03052
1117,1.98791
8806,-0.64225
1107,0.41582
9360,-2.21541
3628,2.16425
6179,-0.7628
3293,0.95535
8048,0.93314
1158,2.42708
4569,-0.22664
6655,0.73317
3835,0.08354
5783,-1.53903
2792,0.76941
6257,-0.08662
317,-0.69827
4061,-0.99828
3816,-1.66182
1348,0.30609
8109,0.97086
8761,-2.61923
8494,0.72703
1129,-1.69599
1682,1.24162
5452,-1.28527
9708,0.76262
1836,-0.67508
6807,1.0417
2605,-2.16964
4307,0.03029
4421,2.57929
6815,-1.01803
5273,-0.16002
7887,-2.99168
2504,0.14841
9655,-2.64493
6398,-0.95767
2485,-1.63809
4799,-1.41775
9495,-0.08722
277,-0.07662
1418,-3.88972
4773,-1.60172
1056,0.39397
6583,-0.97267
263,-1.42047
4279,-0.39226
8137,-2.2267
5417,0.55586
5338,-1.68185
3616,2.14604
6567,-0.91779
9797,0.88033
3886,-0.77576
622,-0.2735
2516,-2.05417
3997,0.83678
8212,3.19522
2788,1.26465
3261,0.3706
1260,-0.92712
7139,0.98601
4176,1.76102
540,-0.31207
77,-1.49194
1051,-1.58518
6268,-0.77946
5535,-2.43505
8437,-0.62722
9025,-1.56215
8771,-0.69005
1548,-0.50904
4970,-1.25217
5631,1.89945
9093,-0.06223
5269,1.59859
1940,0.66906
3692,2.10319
8554,2.55466
3648,-0.19935
915,-0.83729
8325,-0.27981
4402,0.66726
2871,0.77595
4996,-0.17652
7070,0.35961
3937,0.87856
9526,4.44794
2534,-1.97677
9442,0.79129
6732,-3.98765
4585,-0.62104
9912,1.50976
6141,-1.51871
8838,-1.99814
7659,-0.29478
1607,0.13047
5135,1.11737
4097,2.53821
4242,-0.28767
330,1.4893
2066,-2.00642
632,0.19308
1863,-2.09025
5272,-1.2054
8249,-0.21486
2486,-0.44202
3630,-1.87249
1789,-2.17145
9824,-0.49464
8433,-0.66599
5033,-0.45407
6158,-0.25908
1700,-0.90016
4217,-2.63378
3986,1.92745
6090,0.36187
7062,1.13879
3179,-1.41969
1204,-0.90241
3199,-0.68149
8034,-3.34617
5477,0.65778
9262,-0.0433
7237,0.40674
6296,2.20541
1150,0.30977
7755,0.59638
6607,-1.44137
6075,0.11714
7855,-1.88278
3494,0.98839
3526,0.10245
3359,-0.75943
3893,0.7725
2975,1.54723
5048,-0.58962
2471,-1.30658
9997,0.43697
2326,2.45258
2921,0.31057
7528,0.63755
7169,-0.15384
3874,-2.59992
6707,0.36406
9639,-1.48076
6902,-0.72362
9092,1.07924
1097,0.55234
2234,-1.48966
6715,1.64162
1734,2.77755
6893,1.03651
1594,1.86025
470,-3.19368
2181,-1.03047
9266,0.06759
303,-0.22094
1693,2.10157
3242,-0.36559
1003,0.1924
4933,2.62546
6604,-0.94053
5350,1.73092
3805,-1.61952
6630,1.05469
7238,1.13809
174,-0.70965
6061,-2.54491
6973,-0.84136
3139,-0.51617
7906,-1.94672
5633,1.1327
9512,0.12412
6391,0.27151
4565,1.07773
7596,-0.17186
696,-0.47225
5373,-0.8841
2071,1.63976
2102,1.17218
719,-0.16833
229,-0.72954
2664,1.09716
6701,-0.31692
6040,0.65848
861,0.12155
111,3.51038
4504,0.67789
9686,1.7797
1635,-0.16745
1715,-1.92775
178,-1.26849
6615,-0.86781
1159,0.14894
8962,1.46224
8663,-0.06327
8045,0.87395
3310,-0.4292
1995,0.4155
9685,2.39985
4203,-1.46617
7363,-0.78261
881,-1.26779
7101,-2.99747
8911,-1.04475
9475,1.81678
5950,-0.96985
584,-1.21548
2539,-0.85388
5020,1.80821
5507,-1.46956
1381,0.71609
2285,-1.37314
6248,0.4032
6736,-0.77026
5198,1.65047
9683,1.8545
460,-0.90818
874,-0.01867
2741,0.89538
7978,1.998
9301,1.92386
9299,0.99776
4571,-0.69398
9389,-1.52462
9736,-1.39186
5259,0.62127
2406,0.10006
2022,-0.99834
1565,0.2488
1201,-2.89663
9737,0.40648
154,-0.55236
356,-2.73548
8487,-0.10345
1882,0.45066
2048,-1.00569
459,-0.55809
3693,2.35635
3779,-0.64167
8863,0.48561
6662,-0.42707
2145,-3.43423
769,0.93393
5838,1.02862
8995,0.83697
7136,-0.2933
7484,-0.57426
3965,-0.70743
8278,1.38164
7179,-0.52464
3422,0.33372
7928,-0.56901
6825,-0.0543
8384,-1.04853
7983,-1.92447
279,0.60547
4077,-1.73539
7098,0.04904
9646,-0.05914
3563,2.59384
2356,-0.92598
5704,-1.38197
930,3.14748
8650,2.02789
3484,0.28916
6048,0.75157
6915,0.04007
3915,-2.47194
3985,2.50042
2831,0.78351
972,1.31107
3458,0.49704
2172,2.03369
1277,-1.43981
1529,0.39537
4477,0.49505
6340,-1.79487
3603,-0.5294
5445,-1.3231
643,0.78379
7780,0.73138
7784,0.25125
3721,-0.97793
1153,0.03188
8718,-2.84748
332,0.67075
741,-2.85851
9589,1.79336
7965,-0.23703
6356,-2.26191
1932,0.03841
7403,-0.30127
3806,-1.35291
8120,2.66195
8878,-1.65217
6063,-1.57315
6698,0.17109
6688,0.08237
6170,-0.4842
9849,-1.79449
3085,-1.66091
2809,0.47753
1719,-0.23279
7727,1.27952
5555,1.13865
2634,1.29704
7771,-0.83688
3960,-1.74065
7391,0.22183
4366,3.68077
8484,-0.9315
1707,-0.04632
3129,-1.12134
5728,0.34277
7269,0.56106
1090,-1.32025
5701,-0.4148
437,0.34328
7018,-0.25463
2935,-1.73999
9239,-1.66014
3881,0.88255
5389,2.33422
9085,-0.98882
640,1.12476
1521,0.48714
4441,-0.8072
817,2.21889
8105,-1.05598
3312,-1.60329
2037,2.55528
3746,0.26034
1835,-1.73344
3814,-0.86578
867,-0.15008
2958,-0.42018
1062,-0.583
9543,-1.46781
3843,0.49356
5252,0.21931
3861,1.77783
2452,3.41724
2704,-1.97044
7625,-0.58461
529,-0.1936
7604,2.23863
3176,-1.95317
353,-0.60627
8704,0.47198
3929,0.73891
5655,1.89211
120,1.84978
3770,0.99315
1048,0.67317
7581,0.47663
9127,0.01968
1910,0.73975
7943,-2.79507
318,-0.55042
7459,1.34315
1343,-0.62636
1908,-0.65813
9943,-0.88554
853,-3.08215
5396,0.18391
2267,-1.75034
879,-2.51368
8858,-1.28518
1809,-0.03897
1052,-1.26565
5553,0.45033
4688,-1.63213
4058,-0.54564
5211,-1.84566
3416,1.0864
6266,-2.12545
8967,0.04837
1513,-2.08457
6293,-0.2928
1302,-1.24911
5046,1.14888
5058,-0.36274
2090,1.38181
4191,-0.74383
1856,1.28528
8252,-0.48828
5872,0.94219
4792,-1.34921
6453,0.08272
560,0.42068
781,0.62182
3115,-0.30637
228,-0.70231
6457,-1.59896
7417,-0.73667
7693,0.5868
9546,-1.83791
6676,0.65489
3531,2.96588
9617,-0.25008
4665,-1.92454
956,1.54508
3517,1.43949
6297,3.21547
3064,-3.53543
9544,-2.5409
9733,-0.42175
9166,0.19303
8320,-1.65388
4033,2.57841
9628,-1.18679
6132,0.30486
3817,-1.87945
3252,0.97029
7268,-1.05148
5296,-1.55886
8002,1.45077
8925,-2.04633
6070,-1.90774
1407,1.25377
1424,-0.72957
6914,-0.53855
2512,-1.41765
4066,-0.05685
3528,2.94071
6009,0.23695
2171,2.36823
9922,1.57514
3631,-2.25696
8441,-0.83548
7368,-0.585
8485,0.41036
2462,0.36253
6441,3.45457
8875,-1.73498
7290,-2.66588
6395,0.03418
1997,1.34309
9164,-0.26424
2050,-1.83914
8175,-4.31478
8798,-0.02069
9195,-1.35992
3346,1.4039
4491,-1.34735
5777,-2.52287
419,3.34933
7221,-3.53117
9782,-0.41343
8807,-0.86624
1737,1.62279
4259,1.38735
9806,-0.9349
2086,-1.90004
7898,0.63478
4093,0.25621
4594,-0.06754
7532,1.17244
6148,1.71884
2633,1.50347
569,0.70253
8179,-2.65306
380,-1.51103
2031,0.82965
6759,-1.17065
3813,-0.65592
8455,-0.85963
7753,0.22878
1083,-1.01045
3781,2.10538
4440,-0.14909
2000,-2.54945
7112,2.98182
5008,1.26755
6019,-0.83816
4988,1.64216
9833,0.339
1650,2.03884
5312,0.78621
962,0.94548
6052,1.00112
2129,0.41183
6397,-1.22815
7030,-2.31797
247,0.78697
6644,0.00382
474,0.15515
3984,2.1772
1390,1.25076
8961,0.22956
3031,1.11362
6974,-1.0356
5996,-0.54302
9957,1.8221
2862,0.74007
2057,-1.26097
8507,0.5349
6228,2.43093
7666,-0.11298
3642,0.59142
5806,0.40906
7802,-0.0709
1545,0.18058
6039,-0.26283
5545,-1.85452
1392,0.41248
7304,-0.46571
3448,2.76084
7567,-2.6056
5921,-1.59001
9626,0.39501
6629,0.77379
8782,-3.95439
9776,-2.06449
288,1.58191
6332,-0.55113
1141,-1.72408
9700,-1.16967
1274,0.90583
9515,-0.22537
8493,2.4145
1020,0.59123
4542,1.62755
773,-0.38709
3135,-2.56065
7306,0.87817
6531,-2.23346
7008,-1.93012
9271,0.71049
7317,0.45827
9075,0.78318
2465,-1.72148
7356,-1.17312
7910,-2.24344
1382,1.38645
6113,0.04802
9807,-0.28683
4069,0.26133
8765,-0.26106
7175,0.98589
1415,-2.65186
7429,0.36575
9663,0.18479
1333,0.39317
2065,-1.1557
7763,0.1241
3228,1.08909
8313,-0.10494
179,-0.87046
7556,-0.12877
6866,1.26124
9813,0.93558
7582,-0.88034
4732,0.9519
3444,-0.02951
6705,0.49928
4468,0.73426
1881,-0.02233
411,-0.58463
444,0.61277
2480,-0.43076
1657,-0.8009
8228,1.31906
7346,0.15413
4925,-1.1045
3088,0.35538
2619,-1.28875
3084,0.60504
4485,-1.62103
4157,-0.02611
7483,-0.8455
5511,0.75461
5182,0.57315
825,-0.65616
7425,-1.24128
2415,1.74953
7694,1.92498
7897,-0.59162
3340,1.38304
56,-0.34809
7519,0.56737
1481,-0.19994
1183,0.35443
3729,0.24144
2087,-0.04851
7333,-1.10592
2889,-0.06372
9459,-1.10573
2723,-0.5198
4840,-0.26811
6849,0.46878
305,-0.10251
3273,-0.17522
8846,1.35138
2768,-2.89769
3669,-0.99428
9455,0.36608
165,0.54222
3392,-0.61313
5797,-0.85043
4388,-2.68435
3004,-0.65675
6633,0.41277
5681,3.43185
4820,0.58893
6626,0.7486
9032,-1.74407
4663,0.29623
5215,-0.57425
2540,0.54684
7342,0.32639
5029,0.39827
1262,-1.78796
7992,1.41216
5709,0.58478
9633,0.84749
7652,0.02408
931,1.94466
8221,0.14555
4706,0.4088
7670,1.96232
4446,-0.27238
6869,0.70679
1878,0.04113
2225,0.09832
5759,-1.2171
644,-0.66929
376,0.87905
436,0.48284
5497,-1.34641
3184,2.55118
4750,-0.78312
9384,1.51705
6755,1.22899
4831,-1.64173
3598,-0.75251
5618,0.04804
9222,-0.47162
5465,-1.32919
7003,-2.82112
1717,-2.06824
2703,-2.59019
5678,0.57919
3324,-0.20137
8458,-3.36911
1298,0.53575
2301,-1.25211
496,1.18112
2491,1.23391
2272,0.11644
9659,-2.13562
7695,-0.52592
5249,-0.16483
3441,-0.08865
4444,1.66693
5615,2.23502
9323,1.16041
8444,0.67112
3752,-3.13238
2729,0.81079
5888,-1.7801
4636,1.41569
7192,-0.56481
4370,1.43589
6133,-0.59794
3649,0.34924
1179,1.1395
8003,2.49161
1601,-0.12593
9036,-1.72222
9194,-0.42773
9210,0.57331
1432,-3.07091
2647,-0.64249
7097,-0.26179
6323,-1.48413
7076,-0.14856
1587,1.80885
8399,1.65278
230,-1.93474
8993,0.94544
534,-1.06666
7282,3.11074
6136,0.65341
9500,-1.50081
3873,-0.73761
1486,1.54042
7004,-2.31308
4590,-2.89139
9101,1.82199
407,0.3618
6442,2.18132
7589,-1.16674
8970,0.63761
3456,-0.23434
8001,0.751
949,1.51491
3249,0.7406
8037,-0.98489
1507,0.06539
585,-1.32147
1312,-0.69873
2525,0.47537
5384,0.03328
677,-0.23404
3267,-3.03723
2642,0.6244
1261,-2.05454
3519,-0.66776
7224,-0.07007
5179,0.25053
8994,1.1198
97,2.70887
6301,-0.94586
5206,-0.94944
8069,0.1043
3187,0.79697
2454,-0.06874
9024,-1.2712
7613,0.47148
5953,0.98857
2626,1.95958
1949,-0.37442
6939,0.06097
1386,1.52221
8396,-0.33508
40,-0.9036
2457,0.16575
3485,-1.84682
7654,-0.03693
8735,1.29816
7738,2.46831
3195,1.34882
5193,-0.89606
3479,-1.30501
4000,1.10418
8627,-0.98254
7507,-0.59896
4119,-1.00483
2769,-1.23848
8232,0.71875
6244,1.97609
6026,-1.0245
722,-0.42058
8880,-2.3638
1831,-0.81332
799,-1.95842
8935,0.7029
9563,1.55991
1084,-1.10855
9993,1.83058
5677,0.22063
6235,2.43778
6671,2.29876
1750,-0.57944
4936,-0.25337
1219,-0.66765
4757,1.69745
1140,-0.64503
6243,2.04562
7243,3.1189
2207,0.2029
2875,-0.91246
886,-0.33008
3454,-2.83224
674,-2.29263
12,2.22958
3111,0.30587
6081,0.82397
3495,0.90505
7537,0.87703
7113,3.5979
6041,0.45809
2410,0.62136
8628,-1.92203
6134,-0.17674
2706,-1.39739
8942,-0.95416
2891,2.1194
608,-1.81371
4127,0.55126
135,0.21268
4159,0.56714
7926,0.31114
8657,0.49908
5532,-0.99371
7810,-1.25254
9119,-0.4413
7474,-1.09276
4618,-0.47889
5938,-1.36499
3143,-1.32558
5779,-0.74608
7081,-1.90165
2399,-0.41139
9136,1.1469
5824,-0.1033
9212,0.40849
6801,-1.31704
7508,-0.02653
8674,-0.20094
7051,1.27247
9417,0.79337
155,-1.05013
5721,-0.12036
2668,-0.3312
800,0.04028
3357,0.75234
3875,-2.97109
4483,0.36689
9302,1.81859
2348,3.48898
9625,0.37035
3152,-0.16531
9424,0.47059
1144,0.09752
8112,-1.99817
9746,-0.62427
3062,-2.16248
8938,0.65704
8004,-0.13512
5408,2.6716
660,-2.142
3836,0.13672
2015,0.0221
9788,-1.60927
5077,0.37827
2734,-0.53245
5177,1.05035
8573,0.5164
2003,-2.63941
3306,-0.10634
4297,1.28095
304,0.51173
6161,-3.47772
377,-0.95529
3103,-1.84766
1067,0.16502
4227,-0.77999
7236,1.2929
1849,0.89678
8996,0.77404
835,1.34979
1765,0.49595
8386,2.49819
1064,-0.24915
9485,0.73827
2930,-0.20082
5561,-0.63794
5467,-1.02191
5126,-0.74087
9603,0.53255
5203,-1.67192
9190,-0.6425
9321,-0.56516
9314,-0.25225
421,2.87405
3607,0.74279
837,-0.2581
1289,1.21915
9265,0.59332
3514,0.52644
7677,-0.63027
9657,-0.73955
8238,-0.00222
4795,-1.05741
9514,-0.25817
4261,-0.29475
5823,1.97017
9775,-0.77872
7525,-1.05669
2795,-0.36537
518,0.80126
1542,1.19123
1166,2.92432
1615,-1.69189
3395,0.27091
8685,0.98581
7915,-1.28191
3122,2.7723
6446,-0.23273
9350,3.43213
3327,-1.44465
5348,-0.45652
2679,-1.2573
7576,1.9068
1126,1.66155
72,1.13346
7558,-1.56787
31,1.6728
7714,2.59595
7367,-0.83123
21,-1.06995
3940,1.94914
7760,1.19932
2724,-1.77032
7886,-1.82143
3587,-1.38594
5937,-1.2126
7564,0.82791
6050,0.99992
5982,-2.97846
6209,-0.35003
5726,-0.73721
8877,-2.33637
1776,2.01144
2396,-0.2723
2165,-1.29741
3463,-1.89457
9731,-0.21701
1078,-1.35071
4332,0.98668
8274,0.63011
961,0.92678
3492,0.69173
6990,0.02538
1080,-0.83334
6718,-1.25546
4722,-0.37334
3225,-0.58661
1840,-1.01531
6472,0.60319
9375,-1.9143
4185,0.15038
2651,-0.99876
3257,0.50797
3810,1.42215
5275,-0.74118
3788,-2.36151
4943,-1.55856
7418,-0.78969
657,-1.06612
6577,0.57399
5863,-0.85232
8097,1.50839
6269,-1.18865
1526,2.12953
5159,-1.49373
4146,0.08268
4982,0.42584
3230,4.25834
5908,-1.51732
7673,-2.14018
2635,0.128
3582,-0.25452
1946,0.71297
5970,2.16217
5050,1.19549
4768,-0.76444
5314,0.64971
6271,-1.49347
9671,-1.78183
9638,0.34745
5368,-0.3454
8439,-2.4024
1990,0.38273
7490,2.06812
9831,-0.28479
4789,0.89697
9228,-2.53035
1297,0.53785
3773,0.00832
4717,1.02224
998,-0.94433
7916,0.30172
2813,1.22209
2226,1.05707
8257,1.53603
1182,1.01351
1755,0.67445
290,1.05834
9013,-2.50649
9643,-1.03998
4605,-0.83372
8920,-0.85128
9906,0.12801
6534,-0.30326
8161,-1.13367
1800,0.50972
7516,2.2232
9059,-0.56001
3625,1.07456
9574,-2.60145
1177,1.1944
1263,0.7719
4684,-1.43631
1675,0.99072
383,-2.92992
9467,1.046
15,1.46875
9151,-0.47004
2733,-0.64166
2506,0.52553
6986,0.57558
7697,-0.1177
6923,1.15164
2510,-1.59352
6749,-2.64707
2608,-1.64561
6555,-1.81606
2592,0.4479
2487,-0.15382
5017,-1.40645
5379,1.94249
7479,0.28594
1007,-1.21639
2209,0.36857
3818,-2.95717
6308,-2.22167
1898,0.04895
2625,1.93917
6309,-1.24165
6694,0.302
5638,-0.85394
8283,1.10836
9358,-0.76345
8431,-1.92561
7955,0.6149
208,-0.31434
4908,0.18868
1441,-0.32207
1764,-1.14485
9612,-2.14902
1931,0.67072
5381,-0.31398
1410,1.3629
9260,0.64469
5967,-0.76693
6166,-1.25379
6844,0.64031
3100,0.52211
6236,1.21253
8126,1.49091
13,1.68238
4759,0.18443
6971,-0.40707
8952,-0.53434
8625,0.59795
373,-0.39127
2766,-1.95492
9486,3.14647
3983,0.33021
1564,0.21828
5180,-0.10494
5583,-0.93141
5727,0.529
6819,0.09994
1628,-0.89279
2725,-1.41405
2404,0.81391
324,-2.18091
8208,0.08665
3982,0.57114
7286,0.11467
3223,-1.37952
9409,-0.83044
2939,-1.03405
2044,-0.00892
7509,-0.39965
3926,-0.06148
4841,1.0092
4539,1.94378
9875,-1.6749
8862,0.82876
8197,-0.38872
9391,-1.50979
9954,1.82599
27,-0.24805
3322,-0.24979
8532,0.90965
7619,1.22868
2170,0.11804
1251,-1.02694
8633,1.95456
7174,0.15859
9328,-0.12909
4030,0.70899
5621,1.3649
3149,-1.62064
4347,0.64673
1039,-0.53484
6382,-2.29503
3376,-2.24878
5935,-0.80088
2291,0.18774
3856,0.1238
7996,-0.62559
1706,0.76086
7764,-1.64252
106,0.54431
7796,0.5471
4362,3.21031
8602,0.11311
6491,-0.38614
7272,-0.35459
6343,-2.63122
9774,-0.94333
3246,0.91184
3723,-0.90502
9433,1.2395
649,1.26358
4130,-0.07544
5402,0.94933
1189,0.53941
1532,-1.26253
4437,2.55642
5151,0.15198
326,-1.44492
6684,1.97856
6996,1.00461
2232,-2.2587
8440,-1.60956
8928,-1.273
7232,-0.01666
7434,-0.30425
6288,0.95414
7334,-0.66793
2629,2.95972
4839,-0.97622
4956,0.11007
4110,0.1052
8579,-1.87405
5347,-0.49182
2328,0.8817
8472,-2.10148
2849,0.04672
1456,-0.97239
3235,1.33255
3712,-0.92872
9765,1.71729
2458,0.50219
7350,3.72905
4703,-0.65638
6895,1.82546
6873,1.1746
4530,1.01983
7088,-0.69409
4289,-0.02785
2443,0.59728
244,-0.81062
7264,-1.39018
6202,1.07528
2455,-0.59621
7962,2.49139
5926,-1.9748
9216,-2.18705
5223,0.2909
1695,1.76595
546,0.80185
5030,-1.23279
7393,-0.32421
2781,-0.15898
6908,-1.47761
3280,1.96968
810,-1.15173
6972,0.00181
2423,-0.92967
9977,-0.56684
1540,0.72332
9232,-1.45644
7838,0.24262
4772,-1.25206
8038,-1.03026
1387,1.05734
7195,-0.09741
2961,-0.32644
4221,-0.37354
6407,0.0606
1231,1.22574
3171,-1.36393
3437,-0.3572
6322,-1.49882
9359,-1.85816
1636,-0.98608
2689,-0.06827
8649,-0.14021
1622,-1.35339
5195,0.65767
4053,-0.70368
3027,0.87559
4234,-0.57729
8163,0.68893
8991,-1.47031
9179,-0.64467
7661,-0.24885
5698,0.24696
1243,1.19581
5483,0.61546
3672,-2.10364
4502,0.17172
2880,-1.44747
4211,-0.51389
3853,-0.4077
9278,-0.76941
9871,-0.40038
6137,0.04652
3337,1.56494
2438,-1.21535
7743,1.06199
5063,-0.5375
8359,0.64574
9325,-0.19347
3927,-1.53845
1416,-0.19569
8675,-1.01504
5635,0.75216
3162,0.03537
6069,-0.61449
8261,0.58013
2965,0.23024
1197,0.39434
3575,-0.54946
559,-2.27225
2991,-2.24901
8843,-0.37199
6820,1.13844
1478,0.34168
3245,0.09693
8295,0.42166
5208,-1.42178
629,0.42543
4847,-0.40094
992,-0.144
339,0.41404
2304,0.6028
467,-0.67606
9251,-0.92216
5122,0.56083
413,-0.73632
4205,-0.38598
5082,-0.0134
3702,1.48793
8827,-0.56127
4617,-0.83021
6874,0.22374
3510,1.08417
2007,-2.02673
3291,0.264
2716,-2.04457
4752,1.74833
3840,0.60469
8513,3.3936
7343,-1.12661
5741,1.36057
3819,-2.96004
4469,-2.49345
3656,1.10514
5874,-1.59332
1845,-0.83357
770,0.15473
4962,1.4275
2827,-0.20254
4538,2.68989
1055,2.48912
6438,1.2544
6858,0.81192
9711,1.43564
164,-0.43163
6949,2.41432
8516,0.01889
3224,-1.58301
6364,0.18568
177,-1.16137
2713,0.72952
933,-0.20937
3554,-0.86045
8466,-2.48532
9145,2.75991
772,-0.82835
6411,-0.23177
1094,0.43698
8939,1.84815
9377,-0.58479
7308,2.57162
692,-0.07815
3605,-1.9362
1155,1.58092
50,-2.02343
8740,-0.36896
4055,-0.98453
6072,0.72941
3787,-0.37851
2009,0.42856
2338,-2.38692
1461,0.58974
5386,1.69351
8797,0.38099
2075,1.39858
2546,2.39374
7691,0.8207
4934,0.71098
8093,-3.21092
438,1.04086
6890,0.84
891,-0.46218
9760,0.05637
9630,-0.68662
4163,1.37857
9539,-3.8307
9665,-0.56764
6357,-1.97644
3137,-2.32069
6404,1.88477
8237,-1.01547
2156,-2.3347
3735,-3.16184
3635,-1.66969
9592,-1.67476
7336,0.54867
7775,0.65701
6172,-0.38989
8088,-1.61242
7660,0.01573
8613,-2.09678
6737,-0.09355
614,-0.35097
1050,-0.988
8130,-0.68514
9582,-1.12256
2934,-0.81257
6881,0.19282
1723,-0.8617
5476,0.27525
8812,-0.6189
1311,-0.63253
1,1.63499
1472,0.70474
4028,1.78341
2028,0.45139
5056,0.07133
3038,-2.21615
1122,0.70927
2001,-3.49659
6621,-0.34361
6200,0.13505
9009,-0.37877
3109,-0.90617
8139,-0.72288
5242,1.32742
7688,0.33368
2560,0.93559
6904,-2.47625
2335,-1.02573
4082,-3.89967
9403,-0.11811
4265,-1.76755
3506,2.73073
8422,-1.89708
7605,2.07835
8085,-3.1544
1385,2.6411
5064,-0.45839
5150,0.06864
846,1.79347
5697,0.4723
2981,0.6632
7656,0.43904
6068,-2.02229
9090,0.36012
5785,-1.51205
3217,-2.28643
2699,1.43827
592,-0.84452
6875,-0.82374
7560,0.30776
9454,0.68566
816,0.76709
7359,-0.14593
4228,0.63611
5916,0.84942
9936,0.67444
6988,1.06285
2524,0.00194
2812,1.35382
1901,0.32394
5292,-0.55649
3803,-1.74523
1546,-0.03685
7957,1.02007
8164,0.70245
4620,0.00665
6504,1.49606
3710,-0.42115
3665,-1.56928
7071,-0.80922
1138,1.49736
1474,0.10023
8749,1.71664
7446,-2.30171
7086,0.78496
6905,-1.30255
9238,-1.61099
8975,-0.81869
947,2.60423
4826,1.3759
2897,3.32306
9816,0.06982
9429,-1.19015
1398,-0.66432
4339,-0.98697
6139,-1.14077
577,-1.60502
4552,-1.66414
6660,-2.37656
29,2.42076
8646,-1.92316
4047,1.46733
3876,-3.56224
9480,-0.56005
1994,0.45392
5813,0.45496
5385,-0.67238
6275,-0.19466
8053,0.00076
5214,-0.9001
9865,-0.22732
9113,-2.13039
4854,1.60531
160,-1.64317
9074,1.97553
3006,-0.51217
6612,0.95777
1313,-0.83716
3673,-1.94487
7970,-0.03469
6310,-0.30133
9160,-1.7338
168,-0.19743
3731,-0.25999
1841,-0.2237
3124,-0.62834
2784,-0.27152
7089,-1.03965
5298,-1.93321
9298,-0.76746
9799,0.45134
4004,0.08752
5267,1.74261
5585,-0.91671
5973,-0.16691
1409,2.119
2846,1.2057
8889,-0.14922
1512,-1.10737
2315,1.48437
6584,0.23584
2420,1.44695
4893,1.75764
6366,-1.17306
185,-2.96665
9747,-0.26038
9716,-0.1705
5707,-0.57779
8584,-1.58511
1106,-0.15586
5279,1.19048
5936,-0.76838
9964,-1.17078
6478,-1.77832
2414,-0.25183
9598,1.66105
7829,1.13809
6955,0.50228
3025,-1.76629
2922,0.12614
5781,-0.48729
1586,-1.04484
3580,1.60285
5533,-1.57346
2885,-0.4035
449,-0.89865
5229,-0.582
1358,-1.35353
6381,-1.20126
8198,0.18154
6456,-3.36442
9227,-2.08407
675,-1.21178
5147,1.8661
1670,-1.34747
3738,0.24104
7781,-0.64414
3844,-0.31653
4704,0.39707
8041,-0.76786
3767,0.00155
4200,0.10302
5443,0.75076
9962,-0.55578
4432,0.08089
1801,0.07789
1073,-2.36344
5137,0.75718
3209,-0.63954
6540,1.67551
1121,2.463
3010,-0.33034
9808,-2.36446
6454,0.33083
9620,1.86985
4091,-1.69804
394,-1.61694
2879,-1.08064
2097,-0.98352
7354,1.24653
8170,0.08051
4003,2.60836
8972,-1.11196
9992,-0.43209
1893,0.76902
6352,0.41637
9503,-0.36167
5983,-4.68385
4329,2.22111
8253,-0.39387
2697,0.85819
9341,-1.33298
8328,0.64689
1877,-1.30437
3221,0.41011
1490,0.85526
4229,-1.12538
4149,-0.49907
2912,-2.33244
1226,0.98707
9792,0.34924
5789,-0.61867
4298,1.46437
3831,-0.99808
5295,-1.99566
5265,0.76628
3181,0.20951
3473,0.39396
7144,0.61864
2738,1.21636
2736,1.32669
3048,1.68872
9305,-1.27802
9014,-1.02819
9449,-1.70839
7573,-0.49247
4525,0.63982
6056,0.82359
938,-0.50684
9012,-2.7181
3232,0.90777
4701,-0.15849
3030,1.29055
2221,-0.31863
2518,-0.90945
57,0.05881
1843,0.29312
4824,1.93047
75,-0.61946
4860,1.17627
2500,-1.03802
3192,2.63727
4490,-1.87564
2796,-1.15783
8936,1.67483
7936,-0.89291
3203,-3.98771
9352,1.00603
1070,-0.54479
3880,0.14935
3326,0.47365
4313,0.66239
2384,1.53622
133,-0.03808
7037,-2.04343
9493,-0.16832
1018,-1.00508
4870,0.15114
6837,1.90983
7458,1.00602
3020,-2.98329
3862,2.5959
475,1.103
7302,-0.74261
3894,0.5695
3079,0.30126
4957,-0.79627
246,-0.41807
1340,-0.02424
5120,0.49787
3092,-0.11561
4258,1.84509
1906,0.04529
2174,1.16673
4647,-2.06154
7985,-2.35231
7563,0.19362
4352,-0.44366
6691,0.30585
3899,1.71
2332,0.92436
887,-0.75669
7590,-0.13788
6568,-0.49119
8619,-0.07987
9967,-0.9251
5219,-0.15711
9120,-0.38678
4391,-2.24835
5388,1.53896
8536,-0.7354
3380,-0.28152
8603,-0.01653
2780,-0.56279
5397,-0.64502
5691,-0.07902
4098,1.57475
140,-1.95962
4318,-1.58072
8672,-0.92314
7684,0.35225
9777,-0.42173
1991,-0.47202
7642,-2.35293
9258,2.05945
8427,-2.33727
8322,-0.30142
6601,1.6009
220,0.10661
4305,0.75287
4361,1.31526
8697,0.18142
6978,-1.30137
5501,-0.13534
1649,1.49705
539,-0.75079
6470,0.19191
4398,-0.576
8033,-2.56562
2807,-2.27782
4800,-0.57917
8894,0.67311
9489,0.40325
1743,-1.81584
3391,-0.87886
4359,1.90363
6900,-0.8801
2819,-0.97374
2014,0.89389
1797,-0.78295
4457,-0.69328
9268,1.63312
4593,1.31614
1559,0.38191
1044,2.9263
5713,0.53726
4013,-2.57358
1552,1.09167
8755,1.30711
970,0.83117
4173,0.03858
7200,-0.97196
1421,-3.48874
6412,-1.6846
3811,-0.32932
627,0.95123
5221,0.7116
3140,-0.55087
5230,-0.4286
3459,2.3263
4500,0.89231
5816,0.375
3439,-0.6452
6648,1.53795
1641,0.78607
795,-1.37026
64,-1.84495
9835,-1.18602
5605,0.92382
5760,0.34621
1839,-2.15564
5738,1.85241
8159,-0.88291
9596,1.06008
8759,-1.14634
4431,1.02295
2864,1.65102
127,1.62468
5085,-1.38119
1026,-1.05027
6933,-0.20404
7332,-0.87798
2511,-1.59508
4160,1.27803
9621,1.74344
9070,0.31538
5076,-1.03579
3644,-0.66327
8682,1.12552
4151,1.5021
445,0.31383
7959,1.47743
2964,0.60529
4844,2.88808
5353,1.32313
190,-1.32101
9095,0.76442
8284,2.03494
6734,-0.50592
4187,0.88093
2876,-0.07727
9648,-0.53901
9097,0.1216
9332,1.18762
2224,-0.66962
2840,0.4429
9141,1.75004
2903,-1.31771
2141,0.19108
7296,-0.22169
9051,-0.89834
1467,0.41286
5225,0.01068
2151,-1.45004
2670,0.33209
5524,-1.12191
5491,1.63345
2505,-0.93186
7981,-2.56448
1596,0.71071
2223,-0.10422
3655,0.10819
4990,1.09905
2288,-0.87976
63,-2.88911
8262,0.73576
4814,2.29213
5803,-0.74808
9466,0.36384
8737,2.61422
8819,0.76315
2389,0.02265
885,-1.80925
3709,-0.36651
504,-0.00116
981,-0.14233
2287,-1.36063
4927,0.26149
2377,0.03203
3652,2.03019
4725,3.6794
7022,0.90381
8304,0.02117
9566,0.97216
8324,-0.85519
4522,0.95375
6045,0.37083
5303,0.29721
9699,-1.59204
9197,1.03343
813,-0.02863
4123,-0.98871
5297,-2.31796
7917,2.04888
7189,-0.23215
1434,-1.6343
2621,1.89389
6227,1.92245
7409,-0.62421
4765,-0.27076
5421,2.72008
1598,-0.04368
4387,-3.46256
3087,1.09119
2045,0.09391
8307,0.55159
1880,0.84827
7742,0.51545
9138,1.23766
4705,1.90467
7891,-2.20504
9206,1.07777
1389,1.19524
870,0.96418
6995,1.02178
4054,-0.58162
8976,0.34049
9117,-1.1424
4608,1.68992
1254,0.23846
8988,-0.08604
5587,-0.81026
9899,2.22785
5639,-0.34103
6024,-1.07489
3613,0.09247
7499,1.99985
1460,-0.23479
4846,0.1974
1453,1.6557
473,-2.26246
9172,-2.77456
8193,-2.36215
6947,-1.23319
6608,-2.24898
4564,0.02931
9627,-0.14579
871,0.04355
5152,-0.3426
8410,0.03524
346,-1.27497
1999,-1.45219
7249,0.18387
1775,1.29678
3659,1.77683
3860,1.19497
9144,1.71471
8146,-0.77937
7880,0.61517
6586,-0.46018
3018,-0.10382
6674,-0.14029
4729,0.72856
7275,1.19034
4985,-1.32426
9939,2.8861
2899,-0.9344
1361,0.89347
752,-0.55862
2517,-0.54958
589,-3.49427
9476,0.29813
8809,0.49948
4249,-0.88343
5471,0.60636
4588,-2.28868
1691,0.2573
4623,0.85679
9951,0.7007
7919,1.75992
2117,-0.27615
329,1.06016
6539,1.825
343,-1.45181
4245,3.44543
7184,-0.24073
8923,-1.92519
1227,0.54568
4005,0.7684
6130,-0.8673
315,-0.77931
1577,1.56014
8407,0.85773
8319,-1.2907
6776,-1.20777
4306,0.38747
9423,0.14435
4577,-0.26449
5508,-0.58906
7154,-2.77342
2122,0.55636
8738,0.99209
9004,-0.78131
5632,1.51466
3687,-1.18335
6423,2.49343
7024,0.77313
2943,0.76947
7214,0.58427
3446,-0.49616
7056,-0.06147
3564,0.80657
4556,-0.46003
6686,-0.01908
242,-0.59826
1525,3.19216
6700,0.0364
4724,1.46018
441,-1.04072
8209,-0.03879
2006,-2.2084
3994,-0.38319
2794,-0.06844
8408,0.87025
6405,2.03813
3072,-2.37453
976,1.15712
6274,0.3546
9743,-1.75092
996,0.28029
7463,-0.78141
390,0.23318
5090,1.39258
4356,-1.73583
6315,-1.09564
8166,-1.37394
2495,2.40404
6777,0.87575
1679,2.12463
3108,-1.47905
271,-2.66203
9649,0.0914
9456,0.35548
4544,1.26279
8517,-2.51854
8250,-0.4846
1897,-0.3568
8286,1.48741
4430,0.46397
912,0.16644
4286,-2.53501
8505,1.36877
5778,-1.48537
5544,0.83373
3117,-1.0407
520,1.38988
3297,1.71496
987,0.50883
5392,-0.84906
6670,2.01409
950,0.11295
1024,1.12191
2107,1.92422
3414,1.67519
7756,3.51244
9309,0.20316
5688,0.83899
8275,-1.0033
1669,-0.55759
6345,-2.37079
7182,-0.80647
8800,-0.29485
5920,-0.25188
903,-0.23669
1330,1.64814
4199,0.08214
5460,-3.48827
8691,0.02423
2986,1.10234
4763,-1.57047
6215,-0.50581
8973,-2.40013
202,1.91301
7816,-1.67714
5839,0.86301
6280,1.40915
5868,0.76239
2923,-0.31328
2680,-0.21811
4022,-1.2094
5851,2.2233
176,-0.67402
5226,1.00795
3942,1.18184
6214,1.01823
4367,4.12726
4806,0.24855
8865,-0.56668
5369,-0.4754
3798,-1.79622
665,-1.42315
3281,1.21315
9662,1.49446
5509,-0.92575
9356,-0.01002
4512,-1.01218
9986,-0.2226
6150,2.98524
9702,-0.041
4669,-2.02445
5390,1.87957
4180,-1.41309
4930,1.94533
9414,-0.76634
5514,0.80226
358,-2.15462
4412,-0.20755
7040,-3.09965
7698,0.83961
3470,0.19115
6073,0.62549
5216,-0.15558
9978,-0.8768
6419,1.76514
2942,-0.09595
3872,0.18063
173,0.4637
4676,1.51653
4662,-1.48188
2835,0.50088
6752,-0.86633
946,1.67026
3347,1.41102
1267,1.67057
4381,0.50363
9755,-0.5139
7467,-1.57131
4484,0.12073
9916,0.80426
730,0.11287
9139,1.584
6388,1.56098
4736,-1.71586
9419,1.0115
1250,-1.85436
6318,-3.19414
7476,0.48848
1314,-1.36838
7094,-0.56381
9721,0.36363
9374,-0.77161
2747,-0.05273
5239,2.12981
9644,-0.57495
4137,-0.41261
2640,-0.48418
5383,-0.7265
7226,-0.21098
9651,0.47521
8224,1.20288
6207,0.42263
4875,-1.12944
6625,-1.35341
6896,0.45296
668,-1.7484
5790,0.40395
5788,-0.70714
3645,-0.67289
8246,0.87926
7377,0.66745
8892,-0.07466
8182,-0.30773
7944,-1.49771
6515,-2.70105
1501,-0.66031
2266,-0.82072
1380,0.78778
5376,0.13288
4686,-0.52776
6726,-0.66671
3461,0.52479
9882,0.18639
7372,-0.90019
683,2.05103
7679,-1.41025
9430,-0.50618
9884,-0.5767
4582,-1.89946
9693,-1.17638
663,-0.93897
5682,2.58282
60,-1.21703
2307,-0.08151
5577,-1.29984
3863,1.07898
5088,-1.17518
3012,-0.42163
8601,-2.19587
5023,-3.75771
3596,0.74736
6833,-1.24903
4842,2.11414
1920,1.53242
9149,0.65497
2764,-0.25063
3311,0.11776
5123,-1.09365
6724,-1.34933
7733,-0.39455
4912,0.32358
1865,-0.77117
3420,-0.70728
8511,1.23399
7741,-0.69592
9540,-2.89797
6299,1.26
5891,-0.98708
9072,2.08627
1284,-0.32277
5356,1.31563
5218,-0.12444
894,-1.24727
4480,0.9141
3028,-0.01303
4488,-2.71069
1465,-0.84084
8187,2.30898
8068,-0.96793
7285,1.89898
4959,1.98321
1059,-0.11618
8652,1.36322
2013,0.88463
3521,0.50761
5927,-1.09962
2926,-1.2135
7103,-0.78188
1681,1.65064
9259,1.9484
8009,-2.11473
5885,-1.24964
5119,-2.2206
395,-1.89335
6213,-0.43426
5732,0.38304
9759,-1.1999
801,0.814
6787,0.21357
4707,0.13016
8999,-0.20531
7318,1.27462
5679,1.18766
2116,-2.39548
3274,-1.05573
4653,2.1879
4224,0.53548
9451,-1.57732
626,-1.02816
320,-1.06442
3953,-0.45121
1772,-0.1008
3711,0.11981
1605,-1.32967
9590,0.47873
2576,-0.42187
8707,-0.85742
5164,-1.20172
1961,2.18289
858,-2.54033
8508,1.81202
8692,-0.05518
8760,-2.83296
9622,-0.22166
2368,-1.49391
6221,1.96176
6033,0.70583
2803,-0.933
7746,1.10359
6729,-2.7244
8614,-0.32412
3205,-2.20816
4182,0.4782
8754,0.118
7385,-0.68424
1896,1.84464
4267,-1.61193
5331,0.45099
6335,-2.33683
3462,-2.63914
2700,-0.90701
7473,-1.27702
7911,-1.64116
6204,0.31822
6110,-1.78178
1131,-1.58617
2612,-1.50098
6037,0.99429
2543,1.67473
1171,-0.27966
1907,-0.24057
8495,0.44374
6481,-1.13997
9837,-1.37332
1854,0.32895
3449,3.6009
2263,-0.55013
7662,1.1229
1172,0.57491
8669,-0.38186
4845,1.06997
6511,-1.83082
3889,-0.73253
2167,-1.74952
9822,-1.84088
1914,0.70791
6578,1.00001
4810,2.11732
8648,-0.24395
1499,-1.11762
5426,-0.54176
3898,0.20626
892,0.60688
205,-0.19162
1640,-0.77581
1556,1.59067
6818,0.2736
2816,-1.13815
5686,-0.36506
6719,0.03697
8065,-1.26796
6572,0.42906
1325,-1.39887
9401,-0.74929
1185,-1.3288
481,2.33918
3515,1.15306
8902,1.16384
9591,0.08644
1864,-0.6859
7263,-2.30091
9339,-0.32596
9738,-0.95906
6192,1.98052
926,1.81265
4479,0.33615
1464,-0.2647
7110,1.95297
1584,-2.08741
6007,-2.16208
6600,1.96235
2264,-2.22327
2496,2.26868
2757,-0.83762
7208,-0.11249
7021,1.19612
6435,0.12522
7979,2.98348
8417,-3.21146
7748,0.14038
2464,0.52148
6983,0.20374
7234,1.29467
4919,-2.8079
9914,2.28195
7927,0.40863
5551,2.68692
6977,-0.00877
9652,-1.65548
4833,-1.49633
2352,1.27213
8599,-1.61218
9053,-0.41584
3629,-0.25726
4960,1.81862
8745,0.94091
1883,2.03029
6887,-1.85609
8336,-1.14107
5220,1.19571
5078,0.07474
3714,2.12876
9530,0.08313
2520,-1.31314
5454,-1.51207
7166,-1.09828
5189,-1.13719
4807,1.40249
4892,2.20244
6992,-0.97383
6547,0.1731
7776,1.18817
7155,-1.45857
1652,-0.81618
4718,1.14965
896,-0.06914
7730,-0.72079
3082,2.97681
966,0.22847
5115,-2.17511
3821,-1.1787
1145,-0.20011
5194,0.00544
6656,0.55483
2279,1.07882
9513,0.69125
8062,0.39438
9809,-0.07829
8959,1.70358
7201,0.8324
6277,-1.27901
7326,-0.33355
6375,0.14208
1015,-0.45145
6802,-1.32442
1958,-0.37545
5129,0.59102
7345,0.20655
9878,1.56731
9586,-2.05536
5604,1.12126
4193,0.21719
8597,0.74439
1271,0.77985
3233,2.15392
1195,1.98972
7924,0.8829
347,-0.73577
5065,-1.84578
6590,2.57501
9656,-0.65548
3404,-0.01626
1680,1.58782
6156,-1.07736
2199,0.50657
8051,1.91869
7035,-1.64349
51,-1.0295
2398,-0.26918
4253,-0.17913
5080,-0.07334
9772,-1.14245
616,0.3352
7628,1.05661
9236,-2.36753
8857,-0.06232
3888,-0.62831
7975,-1.12216
9198,1.54817
6652,3.34745
2430,0.33038
4809,0.159
6206,-0.94234
3657,0.87566
6984,1.07503
9174,-1.77418
7739,1.44847
311,0.58427
1165,1.84675
4037,0.71787
2211,1.21575
6101,-1.393
4184,-0.14522
5729,-0.12003
5939,-1.69826
9640,-2.22157
812,0.89903
7133,-1.05875
5160,-0.49372
6632,1.44052
8141,-1.31206
8103,1.24296
3782,0.15095
4100,-1.95671
1222,1.38392
4651,-0.78008
942,1.26482
3302,-3.22776
1488,4.07077
4667,-0.64546
211,0.79843
7481,0.00579
82,0.21903
2754,-0.78744
1319,-1.96312
8006,-2.01619
9907,0.68091
7125,-0.97116
2555,0.68306
2353,-0.2944
1352,2.18042
9462,1.14259
1030,-1.19373
5995,-1.27946
8449,-0.08582
4068,-0.19158
7132,-1.12383
2431,-0.44444
1210,1.20093
157,-0.80585
1766,1.34849
7535,-0.09645
270,0.15795
3855,-0.40883
3061,-1.35565
9110,-1.68161
819,0.5134
3708,-1.41359
4794,-1.77727
2463,-1.002
5644,-0.2418
1307,-1.98161
9076,-0.47602
3055,-0.70617
9579,-0.1504
6763,0.51486
738,-1.19491
2574,-1.43762
2061,2.32749
1066,0.2124
1813,-0.71533
3445,-0.77324
9666,-2.29432
5662,-0.37957
5328,-0.55515
7488,3.20957
6868,2.06496
5519,-1.01958
2677,-0.10443
6672,2.1535
7812,-0.70276
2405,1.05071
7606,2.37631
1992,0.98472
9253,-2.61966
2130,-0.49641
919,-0.25515
4677,1.46589
8241,0.08185
3090,0.88121
6212,-1.66801
8779,-0.86136
458,-0.72498
4775,-1.02178
4678,1.63445
8856,0.67748
8294,-1.16613
483,0.08574
4134,1.6862
9661,0.43966
6999,-1.77151
2094,1.25305
6305,-1.42257
1785,-0.19407
1216,1.1469
1701,-1.13714
5985,-2.64051
9980,0.74593
3809,0.42143
4142,-0.23975
2365,-3.37998
5809,0.73131
8288,0.89267
3503,2.45839
2770,0.23535
8223,0.38392
4938,-1.55026
8739,0.18797
6823,0.15368
4453,0.94651
698,-0.58968
9112,-1.25982
6961,0.95852
3493,1.79448
7930,-0.50911
1621,-0.79516
5601,-0.15338
4526,1.41455
3869,1.21844
2531,0.48218
848,-0.24828
